dataset,split,image_id,label,label_name,image_path,total_lesion_union_area_pixels,total_lesion_union_area_ratio,total_lesion_sum_area_pixels,total_lesion_sum_area_ratio,microaneurysms_area_pixels,microaneurysms_area_ratio,microaneurysms_presence,microaneurysms_prob_mean,microaneurysms_prob_max,microaneurysms_component_count,microaneurysms_largest_component_area_pixels,microaneurysms_largest_component_area_ratio,haemorrhages_area_pixels,haemorrhages_area_ratio,haemorrhages_presence,haemorrhages_prob_mean,haemorrhages_prob_max,haemorrhages_component_count,haemorrhages_largest_component_area_pixels,haemorrhages_largest_component_area_ratio,hard_exudates_area_pixels,hard_exudates_area_ratio,hard_exudates_presence,hard_exudates_prob_mean,hard_exudates_prob_max,hard_exudates_component_count,hard_exudates_largest_component_area_pixels,hard_exudates_largest_component_area_ratio,soft_exudates_area_pixels,soft_exudates_area_ratio,soft_exudates_presence,soft_exudates_prob_mean,soft_exudates_prob_max,soft_exudates_component_count,soft_exudates_largest_component_area_pixels,soft_exudates_largest_component_area_ratio,lesion_presence_count
IDRiD,train,IDRiD_001,3,Severe,D:\retinaguard-ai\data\raw\IDRiD\disease_grading\B. Disease Grading\1. Original Images\a. Training Set\IDRiD_001.jpg,7315,0.027904510498046875,7691,0.029338836669921875,416,0.0015869140625,1,0.01467132568359375,0.402587890625,33,55,0.000209808349609375,1815,0.006923675537109375,1,0.00958251953125,0.9970703125,23,481,0.001834869384765625,5460,0.0208282470703125,1,0.0285797119140625,0.9990234375,86,1213,0.004627227783203125,0,0.0,0,0.02349853515625,0.73583984375,0,0,0.0,3
IDRiD,train,IDRiD_002,3,Severe,D:\retinaguard-ai\data\raw\IDRiD\disease_grading\B. Disease Grading\1. Original Images\a. Training Set\IDRiD_002.jpg,3333,0.012714385986328125,3471,0.013240814208984375,147,0.000560760498046875,1,0.0143585205078125,0.3154296875,17,23,8.7738037109375e-05,418,0.00159454345703125,1,0.004482269287109375,0.9951171875,9,146,0.00055694580078125,2887,0.011013031005859375,1,0.017913818359375,0.99951171875,49,522,0.00199127197265625,19,7.2479248046875e-05,1,0.023223876953125,0.90478515625,2,15,5.7220458984375e-05,4
IDRiD,train,IDRiD_003,2,Moderate,D:\retinaguard-ai\data\raw\IDRiD\disease_grading\B. Disease Grading\1. Original Images\a. Training Set\IDRiD_003.jpg,730,0.00278472900390625,769,0.002933502197265625,49,0.000186920166015625,1,0.01445770263671875,0.31884765625,5,36,0.0001373291015625,156,0.0005950927734375,1,0.003604888916015625,0.9912109375,2,155,0.000591278076171875,564,0.0021514892578125,1,0.00806427001953125,0.998046875,9,443,0.001689910888671875,0,0.0,0,0.0220947265625,0.60986328125,0,0,0.0,3
IDRiD,train,IDRiD_004,3,Severe,D:\retinaguard-ai\data\raw\IDRiD\disease_grading\B. Disease Grading\1. Original Images\a. Training Set\IDRiD_004.jpg,2246,0.00856781005859375,2468,0.0094146728515625,232,0.000885009765625,1,0.01471710205078125,0.314697265625,19,43,0.000164031982421875,696,0.002655029296875,1,0.005558013916015625,0.9970703125,12,189,0.000720977783203125,1306,0.00498199462890625,1,0.011474609375,0.9990234375,37,201,0.000766754150390625,234,0.00089263916015625,1,0.0236053466796875,0.98095703125,1,234,0.00089263916015625,4
IDRiD,train,IDRiD_005,4,Proliferative DR,D:\retinaguard-ai\data\raw\IDRiD\disease_grading\B. Disease Grading\1. Original Images\a. Training Set\IDRiD_005.jpg,5029,0.019184112548828125,5486,0.02092742919921875,465,0.001773834228515625,1,0.016143798828125,0.35498046875,47,38,0.00014495849609375,5021,0.019153594970703125,1,0.0211639404296875,0.99560546875,11,1588,0.0060577392578125,0,0.0,0,0.005794525146484375,0.140869140625,0,0,0.0,0,0.0,0,0.0216827392578125,0.31298828125,0,0,0.0,2
IDRiD,train,IDRiD_006,4,Proliferative DR,D:\retinaguard-ai\data\raw\IDRiD\disease_grading\B. Disease Grading\1. Original Images\a. Training Set\IDRiD_006.jpg,978,0.00373077392578125,1192,0.004547119140625,233,0.000888824462890625,1,0.0146331787109375,0.41845703125,22,31,0.000118255615234375,768,0.0029296875,1,0.0058135986328125,0.998046875,9,307,0.001171112060546875,38,0.00014495849609375,1,0.005950927734375,0.9921875,2,27,0.000102996826171875,153,0.000583648681640625,1,0.0226593017578125,0.982421875,1,153,0.000583648681640625,4
IDRiD,train,IDRiD_007,4,Proliferative DR,D:\retinaguard-ai\data\raw\IDRiD\disease_grading\B. Disease Grading\1. Original Images\a. Training Set\IDRiD_007.jpg,1672,0.006378173828125,1939,0.007396697998046875,288,0.0010986328125,1,0.01525115966796875,0.388671875,32,31,0.000118255615234375,1202,0.00458526611328125,1,0.0074462890625,0.99560546875,15,298,0.00113677978515625,42,0.00016021728515625,1,0.006175994873046875,0.98388671875,4,24,9.1552734375e-05,407,0.001552581787109375,1,0.0240325927734375,0.98095703125,2,362,0.00138092041015625,4
IDRiD,train,IDRiD_008,4,Proliferative DR,D:\retinaguard-ai\data\raw\IDRiD\disease_grading\B. Disease Grading\1. Original Images\a. Training Set\IDRiD_008.jpg,3537,0.013492584228515625,3900,0.0148773193359375,392,0.001495361328125,1,0.015411376953125,0.457763671875,55,34,0.00012969970703125,1774,0.00676727294921875,1,0.00963592529296875,0.9970703125,26,209,0.000797271728515625,1542,0.00588226318359375,1,0.0131988525390625,0.9990234375,66,322,0.00122833251953125,192,0.000732421875,1,0.0247650146484375,0.962890625,6,142,0.00054168701171875,4
IDRiD,train,IDRiD_009,3,Severe,D:\retinaguard-ai\data\raw\IDRiD\disease_grading\B. Disease Grading\1. Original Images\a. Training Set\IDRiD_009.jpg,1745,0.006656646728515625,1966,0.00749969482421875,209,0.000797271728515625,1,0.0147705078125,0.381103515625,25,50,0.00019073486328125,673,0.002567291259765625,1,0.005474090576171875,0.99658203125,9,367,0.001399993896484375,805,0.003070831298828125,1,0.00939178466796875,0.99853515625,28,151,0.000576019287109375,279,0.001064300537109375,1,0.0238494873046875,0.98095703125,7,216,0.000823974609375,4
IDRiD,train,IDRiD_010,4,Proliferative DR,D:\retinaguard-ai\data\raw\IDRiD\disease_grading\B. Disease Grading\1. Original Images\a. Training Set\IDRiD_010.jpg,4209,0.016056060791015625,5067,0.019329071044921875,824,0.003143310546875,1,0.0164031982421875,0.440673828125,72,55,0.000209808349609375,1744,0.00665283203125,1,0.00937652587890625,0.99755859375,21,533,0.002033233642578125,345,0.001316070556640625,1,0.0085906982421875,0.9951171875,17,70,0.00026702880859375,2154,0.00821685791015625,1,0.033050537109375,0.98193359375,14,368,0.00140380859375,4
IDRiD,train,IDRiD_011,3,Severe,D:\retinaguard-ai\data\raw\IDRiD\disease_grading\B. Disease Grading\1. Original Images\a. Training Set\IDRiD_011.jpg,2976,0.0113525390625,3720,0.014190673828125,766,0.00292205810546875,1,0.0156707763671875,0.401123046875,48,116,0.0004425048828125,1475,0.005626678466796875,1,0.0082550048828125,0.99658203125,20,329,0.001255035400390625,175,0.000667572021484375,1,0.007488250732421875,0.9931640625,13,31,0.000118255615234375,1304,0.004974365234375,1,0.0286712646484375,0.98779296875,7,302,0.00115203857421875,4
IDRiD,train,IDRiD_012,3,Severe,D:\retinaguard-ai\data\raw\IDRiD\disease_grading\B. Disease Grading\1. Original Images\a. Training Set\IDRiD_012.jpg,2229,0.008502960205078125,2787,0.010631561279296875,592,0.00225830078125,1,0.01543426513671875,0.40283203125,49,48,0.00018310546875,1918,0.00731658935546875,1,0.00991058349609375,0.998046875,29,220,0.0008392333984375,104,0.000396728515625,1,0.006435394287109375,0.9970703125,7,30,0.00011444091796875,173,0.000659942626953125,1,0.0229339599609375,0.97607421875,1,173,0.000659942626953125,4
IDRiD,train,IDRiD_013,3,Severe,D:\retinaguard-ai\data\raw\IDRiD\disease_grading\B. Disease Grading\1. Original Images\a. Training Set\IDRiD_013.jpg,2242,0.00855255126953125,2552,0.009735107421875,330,0.00125885009765625,1,0.0150299072265625,0.387939453125,25,41,0.000156402587890625,2163,0.008251190185546875,1,0.0109100341796875,0.99853515625,14,1176,0.004486083984375,0,0.0,0,0.005748748779296875,0.53759765625,0,0,0.0,59,0.000225067138671875,1,0.0223541259765625,0.93603515625,1,59,0.000225067138671875,3
IDRiD,train,IDRiD_014,4,Proliferative DR,D:\retinaguard-ai\data\raw\IDRiD\disease_grading\B. Disease Grading\1. Original Images\a. Training Set\IDRiD_014.jpg,8645,0.032978057861328125,9574,0.03652191162109375,969,0.003696441650390625,1,0.0171051025390625,0.379638671875,110,41,0.000156402587890625,7254,0.02767181396484375,1,0.029205322265625,0.99658203125,41,681,0.002597808837890625,1351,0.005153656005859375,1,0.01177215576171875,0.998046875,37,242,0.00092315673828125,0,0.0,0,0.0223541259765625,0.4580078125,0,0,0.0,3
IDRiD,train,IDRiD_015,4,Proliferative DR,D:\retinaguard-ai\data\raw\IDRiD\disease_grading\B. Disease Grading\1. Original Images\a. Training Set\IDRiD_015.jpg,6747,0.025737762451171875,7648,0.0291748046875,946,0.00360870361328125,1,0.01708984375,0.43896484375,105,51,0.000194549560546875,6457,0.024631500244140625,1,0.026336669921875,0.9970703125,35,1022,0.00389862060546875,245,0.000934600830078125,1,0.00728607177734375,0.99658203125,14,63,0.000240325927734375,0,0.0,0,0.0224609375,0.615234375,0,0,0.0,3
IDRiD,train,IDRiD_016,2,Moderate,D:\retinaguard-ai\data\raw\IDRiD\disease_grading\B. Disease Grading\1. Original Images\a. Training Set\IDRiD_016.jpg,7815,0.029811859130859375,7872,0.030029296875,66,0.00025177001953125,1,0.01406097412109375,0.357666015625,6,30,0.00011444091796875,96,0.0003662109375,1,0.0034275054931640625,0.9921875,3,59,0.000225067138671875,7704,0.029388427734375,1,0.03839111328125,0.9990234375,173,382,0.00145721435546875,6,2.288818359375e-05,1,0.0245208740234375,0.84130859375,1,6,2.288818359375e-05,4
IDRiD,train,IDRiD_017,4,Proliferative DR,D:\retinaguard-ai\data\raw\IDRiD\disease_grading\B. Disease Grading\1. Original Images\a. Training Set\IDRiD_017.jpg,10914,0.04163360595703125,10973,0.041858673095703125,68,0.0002593994140625,1,0.0141448974609375,0.311767578125,7,17,6.4849853515625e-05,164,0.0006256103515625,1,0.0036983489990234375,0.994140625,6,74,0.00028228759765625,10736,0.04095458984375,1,0.049285888671875,0.99853515625,118,4460,0.0170135498046875,5,1.9073486328125e-05,1,0.024749755859375,0.80224609375,3,3,1.1444091796875e-05,4
IDRiD,train,IDRiD_018,2,Moderate,D:\retinaguard-ai\data\raw\IDRiD\disease_grading\B. Disease Grading\1. Original Images\a. Training Set\IDRiD_018.jpg,575,0.002193450927734375,609,0.002323150634765625,42,0.00016021728515625,1,0.014373779296875,0.280029296875,4,21,8.0108642578125e-05,61,0.000232696533203125,1,0.003284454345703125,0.97021484375,3,40,0.000152587890625,506,0.00193023681640625,1,0.00794219970703125,0.9970703125,18,143,0.000545501708984375,0,0.0,0,0.02178955078125,0.4541015625,0,0,0.0,3
IDRiD,train,IDRiD_019,2,Moderate,D:\retinaguard-ai\data\raw\IDRiD\disease_grading\B. Disease Grading\1. Original Images\a. Training Set\IDRiD_019.jpg,3123,0.011913299560546875,3222,0.01229095458984375,114,0.00043487548828125,1,0.01441192626953125,0.30126953125,9,35,0.000133514404296875,180,0.0006866455078125,1,0.00368499755859375,0.98681640625,5,61,0.000232696533203125,2830,0.01079559326171875,1,0.0182342529296875,0.998046875,87,267,0.001018524169921875,98,0.00037384033203125,1,0.0235595703125,0.96923828125,1,98,0.00037384033203125,4
IDRiD,train,IDRiD_020,2,Moderate,D:\retinaguard-ai\data\raw\IDRiD\disease_grading\B. Disease Grading\1. Original Images\a. Training Set\IDRiD_020.jpg,1190,0.00453948974609375,1348,0.0051422119140625,180,0.0006866455078125,1,0.01479339599609375,0.382568359375,17,26,9.918212890625e-05,480,0.0018310546875,1,0.0047454833984375,0.99755859375,12,152,0.000579833984375,209,0.000797271728515625,1,0.006988525390625,0.998046875,15,36,0.0001373291015625,479,0.001827239990234375,1,0.02435302734375,0.97705078125,4,318,0.00121307373046875,4
IDRiD,train,IDRiD_021,1,Mild,D:\retinaguard-ai\data\raw\IDRiD\disease_grading\B. Disease Grading\1. Original Images\a. Training Set\IDRiD_021.jpg,399,0.001522064208984375,474,0.00180816650390625,79,0.000301361083984375,1,0.0143890380859375,0.396728515625,9,18,6.866455078125e-05,170,0.00064849853515625,1,0.003559112548828125,0.9970703125,4,75,0.000286102294921875,14,5.340576171875e-05,1,0.005889892578125,0.86083984375,3,5,1.9073486328125e-05,211,0.000804901123046875,1,0.0231781005859375,0.9775390625,3,163,0.000621795654296875,4
IDRiD,train,IDRiD_022,4,Proliferative DR,D:\retinaguard-ai\data\raw\IDRiD\disease_grading\B. Disease Grading\1. Original Images\a. Training Set\IDRiD_022.jpg,36051,0.13752365112304688,39814,0.15187835693359375,3754,0.01432037353515625,1,0.0259857177734375,0.42236328125,337,138,0.00052642822265625,28829,0.10997390747070312,1,0.10760498046875,0.998046875,107,4904,0.018707275390625,5412,0.0206451416015625,1,0.0305023193359375,0.998046875,87,1136,0.00433349609375,1819,0.006938934326171875,1,0.036407470703125,0.98291015625,25,769,0.002933502197265625,4
IDRiD,train,IDRiD_023,3,Severe,D:\retinaguard-ai\data\raw\IDRiD\disease_grading\B. Disease Grading\1. Original Images\a. Training Set\IDRiD_023.jpg,909,0.003467559814453125,1041,0.003971099853515625,146,0.00055694580078125,1,0.01438140869140625,0.3701171875,16,22,8.392333984375e-05,473,0.001804351806640625,1,0.0047454833984375,0.99658203125,11,122,0.00046539306640625,422,0.00160980224609375,1,0.007801055908203125,0.99853515625,19,63,0.000240325927734375,0,0.0,0,0.0217742919921875,0.462158203125,0,0,0.0,3
IDRiD,train,IDRiD_024,4,Proliferative DR,D:\retinaguard-ai\data\raw\IDRiD\disease_grading\B. Disease Grading\1. Original Images\a. Training Set\IDRiD_024.jpg,6581,0.025104522705078125,6650,0.02536773681640625,78,0.00029754638671875,1,0.01424407958984375,0.3125,17,15,5.7220458984375e-05,667,0.002544403076171875,1,0.005474090576171875,0.99609375,4,387,0.001476287841796875,5746,0.02191925048828125,1,0.0298919677734375,0.99951171875,108,645,0.002460479736328125,159,0.000606536865234375,1,0.0243377685546875,0.97216796875,2,158,0.00060272216796875,4
IDRiD,train,IDRiD_025,3,Severe,D:\retinaguard-ai\data\raw\IDRiD\disease_grading\B. Disease Grading\1. Original Images\a. Training Set\IDRiD_025.jpg,1817,0.006931304931640625,2088,0.007965087890625,284,0.0010833740234375,1,0.01503753662109375,0.300537109375,25,58,0.00022125244140625,1469,0.005603790283203125,1,0.0083770751953125,0.99658203125,12,465,0.001773834228515625,83,0.000316619873046875,1,0.006160736083984375,0.9931640625,7,42,0.00016021728515625,252,0.0009613037109375,1,0.0231170654296875,0.978515625,3,187,0.000713348388671875,4
IDRiD,train,IDRiD_026,3,Severe,D:\retinaguard-ai\data\raw\IDRiD\disease_grading\B. Disease Grading\1. Original Images\a. Training Set\IDRiD_026.jpg,2809,0.010715484619140625,3180,0.0121307373046875,410,0.00156402587890625,1,0.01544189453125,0.3515625,40,67,0.000255584716796875,1520,0.00579833984375,1,0.008331298828125,0.99560546875,16,695,0.002651214599609375,83,0.000316619873046875,1,0.006397247314453125,0.9970703125,3,51,0.000194549560546875,1167,0.004451751708984375,1,0.02764892578125,0.9873046875,6,420,0.0016021728515625,4
IDRiD,train,IDRiD_027,4,Proliferative DR,D:\retinaguard-ai\data\raw\IDRiD\disease_grading\B. Disease Grading\1. Original Images\a. Training Set\IDRiD_027.jpg,8521,0.032505035400390625,9654,0.03682708740234375,1138,0.00434112548828125,1,0.0171356201171875,0.4111328125,112,71,0.000270843505859375,6948,0.0265045166015625,1,0.0283355712890625,0.998046875,50,999,0.003810882568359375,688,0.00262451171875,1,0.0091400146484375,0.99853515625,21,246,0.00093841552734375,880,0.00335693359375,1,0.026275634765625,0.98388671875,7,431,0.001644134521484375,4
IDRiD,train,IDRiD_028,4,Proliferative DR,D:\retinaguard-ai\data\raw\IDRiD\disease_grading\B. Disease Grading\1. Original Images\a. Training Set\IDRiD_028.jpg,8085,0.030841827392578125,9592,0.036590576171875,1405,0.005359649658203125,1,0.0174713134765625,0.468017578125,121,103,0.000392913818359375,6441,0.024570465087890625,1,0.0264739990234375,0.99755859375,52,994,0.00379180908203125,934,0.00356292724609375,1,0.01056671142578125,0.99755859375,32,113,0.000431060791015625,812,0.0030975341796875,1,0.02703857421875,0.97998046875,7,519,0.001979827880859375,4
IDRiD,train,IDRiD_029,2,Moderate,D:\retinaguard-ai\data\raw\IDRiD\disease_grading\B. Disease Grading\1. Original Images\a. Training Set\IDRiD_029.jpg,4074,0.01554107666015625,4241,0.016178131103515625,175,0.000667572021484375,1,0.01416778564453125,0.4013671875,12,27,0.000102996826171875,623,0.002376556396484375,1,0.005237579345703125,0.99658203125,8,175,0.000667572021484375,3443,0.013134002685546875,1,0.02008056640625,0.9990234375,64,739,0.002819061279296875,0,0.0,0,0.022705078125,0.431884765625,0,0,0.0,3
IDRiD,train,IDRiD_030,4,Proliferative DR,D:\retinaguard-ai\data\raw\IDRiD\disease_grading\B. Disease Grading\1. Original Images\a. Training Set\IDRiD_030.jpg,11130,0.04245758056640625,11298,0.04309844970703125,137,0.000522613525390625,1,0.016571044921875,0.393310546875,20,41,0.000156402587890625,6645,0.025348663330078125,1,0.0259552001953125,0.99267578125,14,4807,0.018337249755859375,4033,0.015384674072265625,1,0.0229644775390625,0.9990234375,68,774,0.00295257568359375,483,0.001842498779296875,1,0.0279998779296875,0.978515625,8,241,0.000919342041015625,4
IDRiD,train,IDRiD_031,4,Proliferative DR,D:\retinaguard-ai\data\raw\IDRiD\disease_grading\B. Disease Grading\1. Original Images\a. Training Set\IDRiD_031.jpg,878,0.00334930419921875,1031,0.003932952880859375,163,0.000621795654296875,1,0.014739990234375,0.317626953125,19,30,0.00011444091796875,565,0.002155303955078125,1,0.005054473876953125,0.9970703125,13,138,0.00052642822265625,297,0.001132965087890625,1,0.007175445556640625,0.99365234375,17,56,0.000213623046875,6,2.288818359375e-05,1,0.02239990234375,0.8125,1,6,2.288818359375e-05,4
IDRiD,train,IDRiD_032,4,Proliferative DR,D:\retinaguard-ai\data\raw\IDRiD\disease_grading\B. Disease Grading\1. Original Images\a. Training Set\IDRiD_032.jpg,3126,0.01192474365234375,3668,0.0139923095703125,566,0.00215911865234375,1,0.01560211181640625,0.416015625,54,29,0.000110626220703125,1984,0.007568359375,1,0.01010894775390625,0.99755859375,26,279,0.001064300537109375,245,0.000934600830078125,1,0.007228851318359375,0.99560546875,5,201,0.000766754150390625,873,0.003330230712890625,1,0.0268402099609375,0.98193359375,6,437,0.001667022705078125,4
IDRiD,train,IDRiD_033,4,Proliferative DR,D:\retinaguard-ai\data\raw\IDRiD\disease_grading\B. Disease Grading\1. Original Images\a. Training Set\IDRiD_033.jpg,6588,0.0251312255859375,7361,0.028079986572265625,430,0.00164031982421875,1,0.0157012939453125,0.398681640625,57,29,0.000110626220703125,1379,0.005260467529296875,1,0.00801849365234375,0.9970703125,17,431,0.001644134521484375,4349,0.016590118408203125,1,0.0242919921875,0.998046875,51,904,0.003448486328125,1203,0.004589080810546875,1,0.03155517578125,0.9775390625,13,342,0.00130462646484375,4
IDRiD,train,IDRiD_034,3,Severe,D:\retinaguard-ai\data\raw\IDRiD\disease_grading\B. Disease Grading\1. Original Images\a. Training Set\IDRiD_034.jpg,4503,0.017177581787109375,4764,0.0181732177734375,275,0.001049041748046875,1,0.01485443115234375,0.404541015625,29,29,0.000110626220703125,1387,0.005290985107421875,1,0.00801849365234375,0.99658203125,16,296,0.001129150390625,3092,0.0117950439453125,1,0.019378662109375,0.9990234375,83,323,0.001232147216796875,10,3.814697265625e-05,1,0.02386474609375,0.8427734375,2,5,1.9073486328125e-05,4
IDRiD,train,IDRiD_035,3,Severe,D:\retinaguard-ai\data\raw\IDRiD\disease_grading\B. Disease Grading\1. Original Images\a. Training Set\IDRiD_035.jpg,9449,0.036045074462890625,9784,0.037322998046875,298,0.00113677978515625,1,0.01485443115234375,0.351806640625,31,75,0.000286102294921875,861,0.003284454345703125,1,0.00618743896484375,0.994140625,12,361,0.001377105712890625,7902,0.03014373779296875,1,0.03936767578125,0.9990234375,126,938,0.00357818603515625,723,0.002758026123046875,1,0.02880859375,0.9794921875,11,344,0.001312255859375,4
IDRiD,train,IDRiD_036,3,Severe,D:\retinaguard-ai\data\raw\IDRiD\disease_grading\B. Disease Grading\1. Original Images\a. Training Set\IDRiD_036.jpg,1907,0.007274627685546875,2070,0.00789642333984375,173,0.000659942626953125,1,0.0146026611328125,0.423828125,16,25,9.5367431640625e-05,691,0.002635955810546875,1,0.005443572998046875,0.99609375,9,283,0.001079559326171875,1160,0.004425048828125,1,0.01100921630859375,0.99560546875,29,149,0.000568389892578125,46,0.00017547607421875,1,0.022857666015625,0.90185546875,1,46,0.00017547607421875,4
IDRiD,train,IDRiD_037,2,Moderate,D:\retinaguard-ai\data\raw\IDRiD\disease_grading\B. Disease Grading\1. Original Images\a. Training Set\IDRiD_037.jpg,145,0.000553131103515625,192,0.000732421875,54,0.00020599365234375,1,0.0143585205078125,0.478515625,4,31,0.000118255615234375,80,0.00030517578125,1,0.0033397674560546875,0.9931640625,3,53,0.000202178955078125,58,0.00022125244140625,1,0.006015777587890625,0.99462890625,4,30,0.00011444091796875,0,0.0,0,0.0216522216796875,0.417236328125,0,0,0.0,3
IDRiD,train,IDRiD_038,2,Moderate,D:\retinaguard-ai\data\raw\IDRiD\disease_grading\B. Disease Grading\1. Original Images\a. Training Set\IDRiD_038.jpg,549,0.002094268798828125,636,0.0024261474609375,98,0.00037384033203125,1,0.0145111083984375,0.442138671875,8,23,8.7738037109375e-05,214,0.00081634521484375,1,0.003772735595703125,0.99462890625,6,71,0.000270843505859375,73,0.000278472900390625,1,0.006099700927734375,0.9931640625,3,36,0.0001373291015625,251,0.000957489013671875,1,0.0231781005859375,0.97509765625,1,251,0.000957489013671875,4
IDRiD,train,IDRiD_039,3,Severe,D:\retinaguard-ai\data\raw\IDRiD\disease_grading\B. Disease Grading\1. Original Images\a. Training Set\IDRiD_039.jpg,776,0.002960205078125,980,0.0037384033203125,225,0.000858306884765625,1,0.01457977294921875,0.390869140625,20,26,9.918212890625e-05,535,0.002040863037109375,1,0.00499725341796875,0.99609375,15,111,0.000423431396484375,219,0.000835418701171875,1,0.00685882568359375,0.9990234375,10,54,0.00020599365234375,1,3.814697265625e-06,1,0.0221099853515625,0.77099609375,1,1,3.814697265625e-06,4
IDRiD,train,IDRiD_040,3,Severe,D:\retinaguard-ai\data\raw\IDRiD\disease_grading\B. Disease Grading\1. Original Images\a. Training Set\IDRiD_040.jpg,611,0.002330780029296875,758,0.00289154052734375,156,0.0005950927734375,1,0.01442718505859375,0.4013671875,13,36,0.0001373291015625,509,0.001941680908203125,1,0.0048065185546875,0.9970703125,6,266,0.00101470947265625,77,0.000293731689453125,1,0.00612640380859375,0.99755859375,6,29,0.000110626220703125,16,6.103515625e-05,1,0.022216796875,0.94970703125,1,16,6.103515625e-05,4
IDRiD,train,IDRiD_041,2,Moderate,D:\retinaguard-ai\data\raw\IDRiD\disease_grading\B. Disease Grading\1. Original Images\a. Training Set\IDRiD_041.jpg,2567,0.009792327880859375,2747,0.010478973388671875,189,0.000720977783203125,1,0.014495849609375,0.39501953125,11,38,0.00014495849609375,816,0.00311279296875,1,0.0059356689453125,0.99609375,8,292,0.0011138916015625,1693,0.006458282470703125,1,0.0125885009765625,0.9990234375,13,1053,0.004016876220703125,49,0.000186920166015625,1,0.022491455078125,0.9169921875,1,49,0.000186920166015625,4
IDRiD,train,IDRiD_042,2,Moderate,D:\retinaguard-ai\data\raw\IDRiD\disease_grading\B. Disease Grading\1. Original Images\a. Training Set\IDRiD_042.jpg,5781,0.022052764892578125,5905,0.022525787353515625,121,0.000461578369140625,1,0.01428985595703125,0.349365234375,13,24,9.1552734375e-05,286,0.00109100341796875,1,0.00408172607421875,0.99560546875,7,103,0.000392913818359375,5375,0.020503997802734375,1,0.0278167724609375,0.9990234375,58,2965,0.011310577392578125,123,0.000469207763671875,1,0.023345947265625,0.96533203125,1,123,0.000469207763671875,4
IDRiD,train,IDRiD_043,2,Moderate,D:\retinaguard-ai\data\raw\IDRiD\disease_grading\B. Disease Grading\1. Original Images\a. Training Set\IDRiD_043.jpg,439,0.001674652099609375,536,0.002044677734375,102,0.00038909912109375,1,0.01442718505859375,0.359130859375,5,55,0.000209808349609375,81,0.000308990478515625,1,0.00328826904296875,0.99365234375,3,33,0.000125885009765625,1,3.814697265625e-06,1,0.00583648681640625,0.69970703125,1,1,3.814697265625e-06,352,0.0013427734375,1,0.0235137939453125,0.978515625,2,213,0.000812530517578125,4
IDRiD,train,IDRiD_044,2,Moderate,D:\retinaguard-ai\data\raw\IDRiD\disease_grading\B. Disease Grading\1. Original Images\a. Training Set\IDRiD_044.jpg,3878,0.01479339599609375,4152,0.015838623046875,302,0.00115203857421875,1,0.0152587890625,0.380615234375,35,42,0.00016021728515625,1273,0.004856109619140625,1,0.00766754150390625,0.99755859375,17,282,0.00107574462890625,1358,0.00518035888671875,1,0.0123138427734375,0.99853515625,48,207,0.000789642333984375,1219,0.004650115966796875,1,0.0278167724609375,0.9765625,4,915,0.003490447998046875,4
IDRiD,train,IDRiD_045,2,Moderate,D:\retinaguard-ai\data\raw\IDRiD\disease_grading\B. Disease Grading\1. Original Images\a. Training Set\IDRiD_045.jpg,620,0.0023651123046875,719,0.002742767333984375,105,0.000400543212890625,1,0.01439666748046875,0.40966796875,8,26,9.918212890625e-05,603,0.002300262451171875,1,0.005130767822265625,0.9951171875,5,454,0.00173187255859375,11,4.1961669921875e-05,1,0.005756378173828125,0.9384765625,2,6,2.288818359375e-05,0,0.0,0,0.0218505859375,0.41943359375,0,0,0.0,3
IDRiD,train,IDRiD_046,4,Proliferative DR,D:\retinaguard-ai\data\raw\IDRiD\disease_grading\B. Disease Grading\1. Original Images\a. Training Set\IDRiD_046.jpg,864,0.0032958984375,1005,0.003833770751953125,154,0.00058746337890625,1,0.01461029052734375,0.410400390625,14,25,9.5367431640625e-05,534,0.00203704833984375,1,0.00493621826171875,0.99560546875,7,182,0.00069427490234375,21,8.0108642578125e-05,1,0.00588226318359375,0.92529296875,2,11,4.1961669921875e-05,296,0.001129150390625,1,0.023040771484375,0.98095703125,1,296,0.001129150390625,4
IDRiD,train,IDRiD_047,2,Moderate,D:\retinaguard-ai\data\raw\IDRiD\disease_grading\B. Disease Grading\1. Original Images\a. Training Set\IDRiD_047.jpg,4543,0.017330169677734375,5000,0.019073486328125,480,0.0018310546875,1,0.01552581787109375,0.360107421875,37,75,0.000286102294921875,1165,0.004444122314453125,1,0.007221221923828125,0.99755859375,18,385,0.001468658447265625,1973,0.007526397705078125,1,0.01506805419921875,0.998046875,70,197,0.000751495361328125,1382,0.00527191162109375,1,0.0305938720703125,0.97998046875,12,662,0.00252532958984375,4
IDRiD,train,IDRiD_048,2,Moderate,D:\retinaguard-ai\data\raw\IDRiD\disease_grading\B. Disease Grading\1. Original Images\a. Training Set\IDRiD_048.jpg,4014,0.01531219482421875,4215,0.016078948974609375,215,0.000820159912109375,1,0.01493072509765625,0.35009765625,25,28,0.0001068115234375,787,0.003002166748046875,1,0.005855560302734375,0.998046875,9,199,0.000759124755859375,2175,0.008296966552734375,1,0.01540374755859375,0.99853515625,62,230,0.00087738037109375,1038,0.00395965576171875,1,0.0277862548828125,0.98095703125,4,355,0.001354217529296875,4
IDRiD,train,IDRiD_049,3,Severe,D:\retinaguard-ai\data\raw\IDRiD\disease_grading\B. Disease Grading\1. Original Images\a. Training Set\IDRiD_049.jpg,3118,0.01189422607421875,3591,0.013698577880859375,504,0.001922607421875,1,0.0149383544921875,0.439453125,40,42,0.00016021728515625,1517,0.005786895751953125,1,0.0084991455078125,0.99560546875,27,220,0.0008392333984375,1570,0.00598907470703125,1,0.01244354248046875,0.9990234375,42,329,0.001255035400390625,0,0.0,0,0.022369384765625,0.421875,0,0,0.0,3
IDRiD,train,IDRiD_050,2,Moderate,D:\retinaguard-ai\data\raw\IDRiD\disease_grading\B. Disease Grading\1. Original Images\a. Training Set\IDRiD_050.jpg,4865,0.018558502197265625,5055,0.019283294677734375,208,0.00079345703125,1,0.0144500732421875,0.3974609375,16,27,0.000102996826171875,629,0.002399444580078125,1,0.00531005859375,0.99560546875,12,182,0.00069427490234375,4218,0.01609039306640625,1,0.0240325927734375,0.99853515625,97,418,0.00159454345703125,0,0.0,0,0.02325439453125,0.56787109375,0,0,0.0,3
IDRiD,train,IDRiD_051,2,Moderate,D:\retinaguard-ai\data\raw\IDRiD\disease_grading\B. Disease Grading\1. Original Images\a. Training Set\IDRiD_051.jpg,512,0.001953125,528,0.00201416015625,26,9.918212890625e-05,1,0.01432037353515625,0.26611328125,3,12,4.57763671875e-05,21,8.0108642578125e-05,1,0.0031032562255859375,0.818359375,2,11,4.1961669921875e-05,305,0.001163482666015625,1,0.007110595703125,0.99853515625,13,63,0.000240325927734375,176,0.00067138671875,1,0.022552490234375,0.97265625,1,176,0.00067138671875,4
IDRiD,train,IDRiD_052,2,Moderate,D:\retinaguard-ai\data\raw\IDRiD\disease_grading\B. Disease Grading\1. Original Images\a. Training Set\IDRiD_052.jpg,421,0.001605987548828125,554,0.00211334228515625,141,0.000537872314453125,1,0.014617919921875,0.339111328125,11,21,8.0108642578125e-05,413,0.001575469970703125,1,0.004566192626953125,0.998046875,9,82,0.00031280517578125,0,0.0,0,0.005725860595703125,0.140869140625,0,0,0.0,0,0.0,0,0.0216064453125,0.312744140625,0,0,0.0,2
IDRiD,train,IDRiD_053,4,Proliferative DR,D:\retinaguard-ai\data\raw\IDRiD\disease_grading\B. Disease Grading\1. Original Images\a. Training Set\IDRiD_053.jpg,7240,0.027618408203125,7875,0.030040740966796875,691,0.002635955810546875,1,0.0157470703125,0.4345703125,64,46,0.00017547607421875,2594,0.00989532470703125,1,0.0124053955078125,0.998046875,28,591,0.002254486083984375,3327,0.012691497802734375,1,0.0203399658203125,0.9990234375,72,543,0.002071380615234375,1263,0.004817962646484375,1,0.02886962890625,0.978515625,6,472,0.001800537109375,4
IDRiD,train,IDRiD_054,4,Proliferative DR,D:\retinaguard-ai\data\raw\IDRiD\disease_grading\B. Disease Grading\1. Original Images\a. Training Set\IDRiD_054.jpg,4296,0.016387939453125,5126,0.01955413818359375,876,0.0033416748046875,1,0.0160980224609375,0.41796875,69,54,0.00020599365234375,3471,0.013240814208984375,1,0.0155487060546875,0.9970703125,36,401,0.001529693603515625,744,0.002838134765625,1,0.00936126708984375,0.998046875,19,151,0.000576019287109375,35,0.000133514404296875,1,0.0230560302734375,0.93212890625,1,35,0.000133514404296875,4
IDRiD,train,IDRiD_055,3,Severe,D:\retinaguard-ai\data\raw\IDRiD\disease_grading\B. Disease Grading\1. Original Images\a. Training Set\IDRiD_055.jpg,8876,0.0338592529296875,9524,0.0363311767578125,683,0.002605438232421875,1,0.0157928466796875,0.37158203125,74,39,0.000148773193359375,4164,0.0158843994140625,1,0.018218994140625,0.9970703125,35,594,0.00226593017578125,4677,0.017841339111328125,1,0.025238037109375,0.99755859375,68,1160,0.004425048828125,0,0.0,0,0.0230865478515625,0.425537109375,0,0,0.0,3
IDRiD,train,IDRiD_056,2,Moderate,D:\retinaguard-ai\data\raw\IDRiD\disease_grading\B. Disease Grading\1. Original Images\a. Training Set\IDRiD_056.jpg,2265,0.008640289306640625,2415,0.009212493896484375,160,0.0006103515625,1,0.0146026611328125,0.286865234375,10,60,0.0002288818359375,402,0.00153350830078125,1,0.004520416259765625,0.98974609375,6,186,0.00070953369140625,1853,0.007068634033203125,1,0.01335906982421875,0.99755859375,32,376,0.001434326171875,0,0.0,0,0.022613525390625,0.720703125,0,0,0.0,3
IDRiD,train,IDRiD_057,3,Severe,D:\retinaguard-ai\data\raw\IDRiD\disease_grading\B. Disease Grading\1. Original Images\a. Training Set\IDRiD_057.jpg,2245,0.008563995361328125,2487,0.009487152099609375,265,0.001010894775390625,1,0.01468658447265625,0.436279296875,22,31,0.000118255615234375,774,0.00295257568359375,1,0.005832672119140625,0.99755859375,12,302,0.00115203857421875,1345,0.005130767822265625,1,0.01197052001953125,0.9990234375,52,262,0.00099945068359375,103,0.000392913818359375,1,0.0232696533203125,0.93994140625,2,102,0.00038909912109375,4
IDRiD,train,IDRiD_058,2,Moderate,D:\retinaguard-ai\data\raw\IDRiD\disease_grading\B. Disease Grading\1. Original Images\a. Training Set\IDRiD_058.jpg,2271,0.008663177490234375,2422,0.00923919677734375,169,0.000644683837890625,1,0.01453399658203125,0.435302734375,16,26,9.918212890625e-05,418,0.00159454345703125,1,0.004650115966796875,0.99658203125,12,95,0.000362396240234375,1835,0.006999969482421875,1,0.013671875,0.99951171875,51,304,0.00115966796875,0,0.0,0,0.0228271484375,0.56396484375,0,0,0.0,3
IDRiD,train,IDRiD_059,2,Moderate,D:\retinaguard-ai\data\raw\IDRiD\disease_grading\B. Disease Grading\1. Original Images\a. Training Set\IDRiD_059.jpg,2548,0.0097198486328125,2799,0.010677337646484375,219,0.000835418701171875,1,0.0147247314453125,0.348876953125,19,24,9.1552734375e-05,558,0.00212860107421875,1,0.005096435546875,0.99365234375,17,147,0.000560760498046875,1899,0.007244110107421875,1,0.01366424560546875,0.99755859375,31,654,0.00249481201171875,123,0.000469207763671875,1,0.023193359375,0.98095703125,2,121,0.000461578369140625,4
IDRiD,train,IDRiD_060,2,Moderate,D:\retinaguard-ai\data\raw\IDRiD\disease_grading\B. Disease Grading\1. Original Images\a. Training Set\IDRiD_060.jpg,367,0.001399993896484375,387,0.001476287841796875,28,0.0001068115234375,1,0.0142974853515625,0.381103515625,5,15,5.7220458984375e-05,27,0.000102996826171875,1,0.0030612945556640625,0.9404296875,2,17,6.4849853515625e-05,152,0.000579833984375,1,0.006748199462890625,0.9970703125,12,33,0.000125885009765625,180,0.0006866455078125,1,0.02313232421875,0.97802734375,1,180,0.0006866455078125,4
IDRiD,train,IDRiD_061,2,Moderate,D:\retinaguard-ai\data\raw\IDRiD\disease_grading\B. Disease Grading\1. Original Images\a. Training Set\IDRiD_061.jpg,705,0.002689361572265625,773,0.002948760986328125,73,0.000278472900390625,1,0.01438140869140625,0.333984375,7,21,8.0108642578125e-05,598,0.00228118896484375,1,0.005153656005859375,0.99658203125,4,524,0.0019989013671875,102,0.00038909912109375,1,0.006206512451171875,0.99658203125,3,45,0.000171661376953125,0,0.0,0,0.0221405029296875,0.439208984375,0,0,0.0,3
IDRiD,train,IDRiD_062,4,Proliferative DR,D:\retinaguard-ai\data\raw\IDRiD\disease_grading\B. Disease Grading\1. Original Images\a. Training Set\IDRiD_062.jpg,3241,0.012363433837890625,3656,0.013946533203125,431,0.001644134521484375,1,0.01519012451171875,0.398193359375,41,30,0.00011444091796875,1990,0.00759124755859375,1,0.010223388671875,0.99755859375,22,844,0.0032196044921875,1212,0.0046234130859375,1,0.01169586181640625,0.998046875,61,77,0.000293731689453125,23,8.7738037109375e-05,1,0.0234527587890625,0.85205078125,1,23,8.7738037109375e-05,4
IDRiD,train,IDRiD_063,2,Moderate,D:\retinaguard-ai\data\raw\IDRiD\disease_grading\B. Disease Grading\1. Original Images\a. Training Set\IDRiD_063.jpg,928,0.0035400390625,1044,0.0039825439453125,120,0.000457763671875,1,0.014373779296875,0.419677734375,13,21,8.0108642578125e-05,340,0.0012969970703125,1,0.004222869873046875,0.99609375,7,123,0.000469207763671875,515,0.001964569091796875,1,0.00814056396484375,0.99755859375,25,65,0.000247955322265625,69,0.000263214111328125,1,0.023101806640625,0.939453125,6,42,0.00016021728515625,4
IDRiD,train,IDRiD_064,2,Moderate,D:\retinaguard-ai\data\raw\IDRiD\disease_grading\B. Disease Grading\1. Original Images\a. Training Set\IDRiD_064.jpg,3185,0.012149810791015625,3408,0.01300048828125,246,0.00093841552734375,1,0.01502227783203125,0.33642578125,19,47,0.000179290771484375,1535,0.005855560302734375,1,0.0086517333984375,0.998046875,6,916,0.0034942626953125,836,0.0031890869140625,1,0.0097503662109375,0.99755859375,24,194,0.00074005126953125,791,0.003017425537109375,1,0.025238037109375,0.9833984375,1,791,0.003017425537109375,4
IDRiD,train,IDRiD_065,3,Severe,D:\retinaguard-ai\data\raw\IDRiD\disease_grading\B. Disease Grading\1. Original Images\a. Training Set\IDRiD_065.jpg,1470,0.00560760498046875,1689,0.006443023681640625,229,0.000873565673828125,1,0.014862060546875,0.384765625,19,55,0.000209808349609375,1150,0.00438690185546875,1,0.007198333740234375,0.99658203125,12,721,0.002750396728515625,254,0.00096893310546875,1,0.006977081298828125,0.99658203125,7,103,0.000392913818359375,56,0.000213623046875,1,0.0223846435546875,0.9384765625,2,38,0.00014495849609375,4
IDRiD,train,IDRiD_066,3,Severe,D:\retinaguard-ai\data\raw\IDRiD\disease_grading\B. Disease Grading\1. Original Images\a. Training Set\IDRiD_066.jpg,7542,0.02877044677734375,7751,0.029567718505859375,231,0.000881195068359375,1,0.014373779296875,0.414306640625,19,43,0.000164031982421875,869,0.003314971923828125,1,0.006221771240234375,0.99755859375,16,164,0.0006256103515625,6478,0.02471160888671875,1,0.03277587890625,0.9990234375,113,1212,0.0046234130859375,173,0.000659942626953125,1,0.02471923828125,0.96142578125,1,173,0.000659942626953125,4
IDRiD,train,IDRiD_067,4,Proliferative DR,D:\retinaguard-ai\data\raw\IDRiD\disease_grading\B. Disease Grading\1. Original Images\a. Training Set\IDRiD_067.jpg,6117,0.023334503173828125,6873,0.026218414306640625,808,0.003082275390625,1,0.01715087890625,0.3291015625,87,113,0.000431060791015625,5337,0.020359039306640625,1,0.0220489501953125,0.99609375,24,2382,0.00908660888671875,53,0.000202178955078125,1,0.00646209716796875,0.96923828125,1,53,0.000202178955078125,675,0.002574920654296875,1,0.0274810791015625,0.9814453125,6,338,0.00128936767578125,4
IDRiD,train,IDRiD_068,2,Moderate,D:\retinaguard-ai\data\raw\IDRiD\disease_grading\B. Disease Grading\1. Original Images\a. Training Set\IDRiD_068.jpg,338,0.00128936767578125,438,0.00167083740234375,110,0.00041961669921875,1,0.01425933837890625,0.34912109375,12,20,7.62939453125e-05,268,0.0010223388671875,1,0.003917694091796875,0.99365234375,8,154,0.00058746337890625,60,0.0002288818359375,1,0.005893707275390625,0.99609375,3,31,0.000118255615234375,0,0.0,0,0.0218048095703125,0.375732421875,0,0,0.0,3
IDRiD,train,IDRiD_069,2,Moderate,D:\retinaguard-ai\data\raw\IDRiD\disease_grading\B. Disease Grading\1. Original Images\a. Training Set\IDRiD_069.jpg,3916,0.0149383544921875,3986,0.01520538330078125,79,0.000301361083984375,1,0.01433563232421875,0.312255859375,7,22,8.392333984375e-05,193,0.000736236572265625,1,0.00380706787109375,0.9931640625,6,87,0.000331878662109375,3713,0.014163970947265625,1,0.021484375,0.9990234375,77,343,0.001308441162109375,1,3.814697265625e-06,1,0.0241241455078125,0.78515625,1,1,3.814697265625e-06,4
IDRiD,train,IDRiD_070,4,Proliferative DR,D:\retinaguard-ai\data\raw\IDRiD\disease_grading\B. Disease Grading\1. Original Images\a. Training Set\IDRiD_070.jpg,1645,0.006275177001953125,1889,0.007205963134765625,245,0.000934600830078125,1,0.01462554931640625,0.300048828125,19,53,0.000202178955078125,1250,0.00476837158203125,1,0.007427215576171875,0.99755859375,4,582,0.00222015380859375,46,0.00017547607421875,1,0.006084442138671875,0.947265625,4,29,0.000110626220703125,348,0.0013275146484375,1,0.0237274169921875,0.98388671875,3,324,0.0012359619140625,4
IDRiD,train,IDRiD_071,2,Moderate,D:\retinaguard-ai\data\raw\IDRiD\disease_grading\B. Disease Grading\1. Original Images\a. Training Set\IDRiD_071.jpg,1083,0.004131317138671875,1129,0.004306793212890625,44,0.0001678466796875,1,0.01409912109375,0.24169921875,4,21,8.0108642578125e-05,110,0.00041961669921875,1,0.003391265869140625,0.98583984375,3,70,0.00026702880859375,960,0.003662109375,1,0.009857177734375,0.99853515625,30,153,0.000583648681640625,15,5.7220458984375e-05,1,0.0225982666015625,0.82763671875,3,8,3.0517578125e-05,4
IDRiD,train,IDRiD_072,2,Moderate,D:\retinaguard-ai\data\raw\IDRiD\disease_grading\B. Disease Grading\1. Original Images\a. Training Set\IDRiD_072.jpg,3035,0.011577606201171875,3198,0.01219940185546875,173,0.000659942626953125,1,0.01467132568359375,0.407470703125,24,19,7.2479248046875e-05,1176,0.004486083984375,1,0.007373809814453125,0.99609375,6,1032,0.003936767578125,1707,0.006511688232421875,1,0.01314544677734375,0.99951171875,46,588,0.0022430419921875,142,0.00054168701171875,1,0.023406982421875,0.95458984375,2,141,0.000537872314453125,4
IDRiD,train,IDRiD_073,2,Moderate,D:\retinaguard-ai\data\raw\IDRiD\disease_grading\B. Disease Grading\1. Original Images\a. Training Set\IDRiD_073.jpg,1211,0.004619598388671875,1252,0.0047760009765625,51,0.000194549560546875,1,0.01424407958984375,0.38037109375,4,22,8.392333984375e-05,79,0.000301361083984375,1,0.0032711029052734375,0.99462890625,3,55,0.000209808349609375,1122,0.00428009033203125,1,0.01067352294921875,0.99853515625,25,350,0.00133514404296875,0,0.0,0,0.0224456787109375,0.5458984375,0,0,0.0,3
IDRiD,train,IDRiD_074,2,Moderate,D:\retinaguard-ai\data\raw\IDRiD\disease_grading\B. Disease Grading\1. Original Images\a. Training Set\IDRiD_074.jpg,1458,0.00556182861328125,1529,0.005832672119140625,83,0.000316619873046875,1,0.0142822265625,0.317138671875,6,32,0.0001220703125,152,0.000579833984375,1,0.0035648345947265625,0.99169921875,5,81,0.000308990478515625,1294,0.00493621826171875,1,0.01140594482421875,0.99951171875,38,257,0.000980377197265625,0,0.0,0,0.022125244140625,0.6494140625,0,0,0.0,3
IDRiD,train,IDRiD_075,3,Severe,D:\retinaguard-ai\data\raw\IDRiD\disease_grading\B. Disease Grading\1. Original Images\a. Training Set\IDRiD_075.jpg,2835,0.010814666748046875,3181,0.012134552001953125,302,0.00115203857421875,1,0.01503753662109375,0.354736328125,30,44,0.0001678466796875,874,0.00333404541015625,1,0.0062255859375,0.99560546875,11,283,0.001079559326171875,1292,0.0049285888671875,1,0.0118255615234375,0.9990234375,43,201,0.000766754150390625,713,0.002719879150390625,1,0.025909423828125,0.97900390625,6,437,0.001667022705078125,4
IDRiD,train,IDRiD_076,2,Moderate,D:\retinaguard-ai\data\raw\IDRiD\disease_grading\B. Disease Grading\1. Original Images\a. Training Set\IDRiD_076.jpg,2641,0.010074615478515625,2903,0.011074066162109375,280,0.001068115234375,1,0.01511383056640625,0.394287109375,35,48,0.00018310546875,742,0.00283050537109375,1,0.005687713623046875,0.99609375,13,133,0.000507354736328125,646,0.00246429443359375,1,0.0091094970703125,0.9990234375,24,113,0.000431060791015625,1235,0.004711151123046875,1,0.0279083251953125,0.9814453125,6,578,0.00220489501953125,4
IDRiD,train,IDRiD_077,3,Severe,D:\retinaguard-ai\data\raw\IDRiD\disease_grading\B. Disease Grading\1. Original Images\a. Training Set\IDRiD_077.jpg,6771,0.025829315185546875,6924,0.0264129638671875,164,0.0006256103515625,1,0.01474761962890625,0.39404296875,11,23,8.7738037109375e-05,603,0.002300262451171875,1,0.0052947998046875,0.99755859375,8,152,0.000579833984375,6152,0.023468017578125,1,0.034271240234375,0.99853515625,134,1025,0.003910064697265625,5,1.9073486328125e-05,1,0.0259552001953125,0.78564453125,3,2,7.62939453125e-06,4
IDRiD,train,IDRiD_078,2,Moderate,D:\retinaguard-ai\data\raw\IDRiD\disease_grading\B. Disease Grading\1. Original Images\a. Training Set\IDRiD_078.jpg,8847,0.033748626708984375,9217,0.035160064697265625,389,0.001483917236328125,1,0.01517486572265625,0.4638671875,43,37,0.000141143798828125,1318,0.00502777099609375,1,0.007785797119140625,0.99658203125,16,266,0.00101470947265625,6609,0.025211334228515625,1,0.034759521484375,0.99853515625,145,1053,0.004016876220703125,901,0.003437042236328125,1,0.02978515625,0.98193359375,6,373,0.001422882080078125,4
IDRiD,train,IDRiD_079,1,Mild,D:\retinaguard-ai\data\raw\IDRiD\disease_grading\B. Disease Grading\1. Original Images\a. Training Set\IDRiD_079.jpg,294,0.00112152099609375,370,0.00141143798828125,85,0.000324249267578125,1,0.0142974853515625,0.30224609375,7,23,8.7738037109375e-05,283,0.001079559326171875,1,0.0040130615234375,0.99267578125,5,107,0.000408172607421875,2,7.62939453125e-06,1,0.005809783935546875,0.72412109375,1,2,7.62939453125e-06,0,0.0,0,0.0217742919921875,0.315185546875,0,0,0.0,3
IDRiD,train,IDRiD_080,2,Moderate,D:\retinaguard-ai\data\raw\IDRiD\disease_grading\B. Disease Grading\1. Original Images\a. Training Set\IDRiD_080.jpg,364,0.0013885498046875,433,0.001651763916015625,76,0.0002899169921875,1,0.01416778564453125,0.36376953125,6,20,7.62939453125e-05,235,0.000896453857421875,1,0.0038547515869140625,0.99462890625,6,110,0.00041961669921875,122,0.00046539306640625,1,0.006290435791015625,0.99755859375,5,59,0.000225067138671875,0,0.0,0,0.0216064453125,0.517578125,0,0,0.0,3
IDRiD,train,IDRiD_081,4,Proliferative DR,D:\retinaguard-ai\data\raw\IDRiD\disease_grading\B. Disease Grading\1. Original Images\a. Training Set\IDRiD_081.jpg,1085,0.004138946533203125,1338,0.00510406494140625,262,0.00099945068359375,1,0.015533447265625,0.34375,24,43,0.000164031982421875,1076,0.0041046142578125,1,0.0071563720703125,0.99267578125,13,298,0.00113677978515625,0,0.0,0,0.005863189697265625,0.140625,0,0,0.0,0,0.0,0,0.0242462158203125,0.460693359375,0,0,0.0,2
IDRiD,train,IDRiD_082,2,Moderate,D:\retinaguard-ai\data\raw\IDRiD\disease_grading\B. Disease Grading\1. Original Images\a. Training Set\IDRiD_082.jpg,358,0.00136566162109375,409,0.001560211181640625,59,0.000225067138671875,1,0.01435089111328125,0.25,7,22,8.392333984375e-05,242,0.00092315673828125,1,0.00391387939453125,0.99755859375,4,95,0.000362396240234375,108,0.0004119873046875,1,0.006206512451171875,0.998046875,3,53,0.000202178955078125,0,0.0,0,0.0219268798828125,0.392333984375,0,0,0.0,3
IDRiD,train,IDRiD_083,2,Moderate,D:\retinaguard-ai\data\raw\IDRiD\disease_grading\B. Disease Grading\1. Original Images\a. Training Set\IDRiD_083.jpg,6904,0.026336669921875,7108,0.0271148681640625,219,0.000835418701171875,1,0.01435089111328125,0.3916015625,15,39,0.000148773193359375,475,0.001811981201171875,1,0.00479888916015625,0.99755859375,12,102,0.00038909912109375,6411,0.024456024169921875,1,0.032470703125,0.99951171875,97,508,0.0019378662109375,3,1.1444091796875e-05,1,0.0234832763671875,0.81494140625,2,2,7.62939453125e-06,4
IDRiD,train,IDRiD_084,2,Moderate,D:\retinaguard-ai\data\raw\IDRiD\disease_grading\B. Disease Grading\1. Original Images\a. Training Set\IDRiD_084.jpg,1571,0.005992889404296875,1592,0.006072998046875,28,0.0001068115234375,1,0.014373779296875,0.2359619140625,5,12,4.57763671875e-05,65,0.000247955322265625,1,0.0033588409423828125,0.951171875,3,32,0.0001220703125,1499,0.005718231201171875,1,0.01263427734375,0.99951171875,64,152,0.000579833984375,0,0.0,0,0.02294921875,0.69384765625,0,0,0.0,3
IDRiD,train,IDRiD_085,2,Moderate,D:\retinaguard-ai\data\raw\IDRiD\disease_grading\B. Disease Grading\1. Original Images\a. Training Set\IDRiD_085.jpg,1968,0.00750732421875,1975,0.007534027099609375,10,3.814697265625e-05,1,0.01442718505859375,0.1978759765625,4,3,1.1444091796875e-05,0,0.0,0,0.0030765533447265625,0.2109375,0,0,0.0,1910,0.00728607177734375,1,0.0141448974609375,0.9990234375,64,211,0.000804901123046875,55,0.000209808349609375,1,0.023956298828125,0.921875,2,48,0.00018310546875,3
IDRiD,train,IDRiD_086,4,Proliferative DR,D:\retinaguard-ai\data\raw\IDRiD\disease_grading\B. Disease Grading\1. Original Images\a. Training Set\IDRiD_086.jpg,903,0.003444671630859375,1108,0.0042266845703125,207,0.000789642333984375,1,0.0149383544921875,0.42333984375,17,53,0.000202178955078125,341,0.001300811767578125,1,0.004276275634765625,0.9951171875,5,127,0.000484466552734375,41,0.000156402587890625,1,0.006237030029296875,0.86181640625,3,17,6.4849853515625e-05,519,0.001979827880859375,1,0.0251617431640625,0.9853515625,8,146,0.00055694580078125,4
IDRiD,train,IDRiD_087,2,Moderate,D:\retinaguard-ai\data\raw\IDRiD\disease_grading\B. Disease Grading\1. Original Images\a. Training Set\IDRiD_087.jpg,1285,0.004901885986328125,1325,0.005054473876953125,36,0.0001373291015625,1,0.01470184326171875,0.26953125,7,24,9.1552734375e-05,50,0.00019073486328125,1,0.0031948089599609375,0.98095703125,1,50,0.00019073486328125,127,0.000484466552734375,1,0.006626129150390625,0.99658203125,7,47,0.000179290771484375,1112,0.004241943359375,1,0.0267333984375,0.97998046875,4,509,0.001941680908203125,4
IDRiD,train,IDRiD_088,3,Severe,D:\retinaguard-ai\data\raw\IDRiD\disease_grading\B. Disease Grading\1. Original Images\a. Training Set\IDRiD_088.jpg,1755,0.006694793701171875,1976,0.007537841796875,237,0.000904083251953125,1,0.014984130859375,0.411376953125,30,34,0.00012969970703125,1220,0.0046539306640625,1,0.007579803466796875,0.9970703125,14,397,0.001514434814453125,48,0.00018310546875,1,0.006000518798828125,0.98828125,4,15,5.7220458984375e-05,471,0.001796722412109375,1,0.0237579345703125,0.97509765625,1,471,0.001796722412109375,4
IDRiD,train,IDRiD_089,4,Proliferative DR,D:\retinaguard-ai\data\raw\IDRiD\disease_grading\B. Disease Grading\1. Original Images\a. Training Set\IDRiD_089.jpg,2646,0.01009368896484375,3046,0.01161956787109375,372,0.0014190673828125,1,0.0158233642578125,0.310546875,44,27,0.000102996826171875,1666,0.00635528564453125,1,0.009429931640625,0.9951171875,24,508,0.0019378662109375,489,0.001865386962890625,1,0.00844573974609375,0.99462890625,9,248,0.000946044921875,519,0.001979827880859375,1,0.026641845703125,0.98046875,11,218,0.00083160400390625,4
IDRiD,train,IDRiD_090,4,Proliferative DR,D:\retinaguard-ai\data\raw\IDRiD\disease_grading\B. Disease Grading\1. Original Images\a. Training Set\IDRiD_090.jpg,2567,0.009792327880859375,3021,0.011524200439453125,480,0.0018310546875,1,0.01544952392578125,0.35302734375,41,81,0.000308990478515625,1563,0.005962371826171875,1,0.0086822509765625,0.9970703125,23,395,0.001506805419921875,10,3.814697265625e-05,1,0.00615692138671875,0.86767578125,2,7,2.6702880859375e-05,968,0.003692626953125,1,0.0262908935546875,0.98291015625,3,461,0.001758575439453125,4
IDRiD,train,IDRiD_091,2,Moderate,D:\retinaguard-ai\data\raw\IDRiD\disease_grading\B. Disease Grading\1. Original Images\a. Training Set\IDRiD_091.jpg,173,0.000659942626953125,220,0.0008392333984375,54,0.00020599365234375,1,0.01427459716796875,0.31396484375,5,21,8.0108642578125e-05,128,0.00048828125,1,0.00348663330078125,0.994140625,4,66,0.00025177001953125,38,0.00014495849609375,1,0.005970001220703125,0.93212890625,7,8,3.0517578125e-05,0,0.0,0,0.021820068359375,0.3154296875,0,0,0.0,3
IDRiD,train,IDRiD_092,2,Moderate,D:\retinaguard-ai\data\raw\IDRiD\disease_grading\B. Disease Grading\1. Original Images\a. Training Set\IDRiD_092.jpg,6515,0.024852752685546875,6619,0.025249481201171875,123,0.000469207763671875,1,0.01409149169921875,0.406005859375,8,29,0.000110626220703125,215,0.000820159912109375,1,0.0038661956787109375,0.99560546875,5,59,0.000225067138671875,6281,0.023960113525390625,1,0.0308074951171875,0.9990234375,39,1857,0.007083892822265625,0,0.0,0,0.022705078125,0.42333984375,0,0,0.0,3
IDRiD,train,IDRiD_093,2,Moderate,D:\retinaguard-ai\data\raw\IDRiD\disease_grading\B. Disease Grading\1. Original Images\a. Training Set\IDRiD_093.jpg,862,0.00328826904296875,979,0.003734588623046875,130,0.00049591064453125,1,0.01450347900390625,0.40869140625,10,28,0.0001068115234375,292,0.0011138916015625,1,0.00411224365234375,0.99267578125,7,102,0.00038909912109375,384,0.00146484375,1,0.007656097412109375,0.998046875,21,51,0.000194549560546875,173,0.000659942626953125,1,0.0227813720703125,0.97412109375,1,173,0.000659942626953125,4
IDRiD,train,IDRiD_094,2,Moderate,D:\retinaguard-ai\data\raw\IDRiD\disease_grading\B. Disease Grading\1. Original Images\a. Training Set\IDRiD_094.jpg,2001,0.007633209228515625,2155,0.008220672607421875,171,0.000652313232421875,1,0.01447296142578125,0.406982421875,19,38,0.00014495849609375,659,0.002513885498046875,1,0.005420684814453125,0.99609375,10,314,0.00119781494140625,1266,0.00482940673828125,1,0.01129150390625,0.9990234375,41,144,0.00054931640625,59,0.000225067138671875,1,0.022705078125,0.978515625,1,59,0.000225067138671875,4
IDRiD,train,IDRiD_095,3,Severe,D:\retinaguard-ai\data\raw\IDRiD\disease_grading\B. Disease Grading\1. Original Images\a. Training Set\IDRiD_095.jpg,8502,0.03243255615234375,9156,0.0349273681640625,684,0.0026092529296875,1,0.0158843994140625,0.426513671875,56,51,0.000194549560546875,4014,0.01531219482421875,1,0.0175628662109375,0.99658203125,24,934,0.00356292724609375,4177,0.015933990478515625,1,0.022735595703125,0.99853515625,31,1991,0.007595062255859375,281,0.001071929931640625,1,0.0241851806640625,0.9794921875,2,279,0.001064300537109375,4
IDRiD,train,IDRiD_096,4,Proliferative DR,D:\retinaguard-ai\data\raw\IDRiD\disease_grading\B. Disease Grading\1. Original Images\a. Training Set\IDRiD_096.jpg,3303,0.012599945068359375,3740,0.0142669677734375,329,0.001255035400390625,1,0.01515960693359375,0.36865234375,29,36,0.0001373291015625,956,0.0036468505859375,1,0.006450653076171875,0.99658203125,15,158,0.00060272216796875,2133,0.008136749267578125,1,0.01480865478515625,0.99755859375,27,379,0.001445770263671875,322,0.00122833251953125,1,0.02606201171875,0.96923828125,17,88,0.000335693359375,4
IDRiD,train,IDRiD_097,2,Moderate,D:\retinaguard-ai\data\raw\IDRiD\disease_grading\B. Disease Grading\1. Original Images\a. Training Set\IDRiD_097.jpg,3134,0.01195526123046875,3370,0.01285552978515625,272,0.00103759765625,1,0.01546478271484375,0.37646484375,27,44,0.0001678466796875,900,0.0034332275390625,1,0.006256103515625,0.99658203125,10,478,0.00182342529296875,387,0.001476287841796875,1,0.00817108154296875,0.9970703125,20,124,0.0004730224609375,1811,0.006908416748046875,1,0.031005859375,0.97900390625,7,606,0.00231170654296875,4
IDRiD,train,IDRiD_098,3,Severe,D:\retinaguard-ai\data\raw\IDRiD\disease_grading\B. Disease Grading\1. Original Images\a. Training Set\IDRiD_098.jpg,5407,0.020626068115234375,6647,0.025356292724609375,1203,0.004589080810546875,1,0.016815185546875,0.4873046875,81,92,0.0003509521484375,4443,0.016948699951171875,1,0.0190887451171875,0.99755859375,47,437,0.001667022705078125,336,0.00128173828125,1,0.00791168212890625,0.99755859375,14,102,0.00038909912109375,665,0.002536773681640625,1,0.025787353515625,0.9833984375,4,406,0.00154876708984375,4
IDRiD,train,IDRiD_099,3,Severe,D:\retinaguard-ai\data\raw\IDRiD\disease_grading\B. Disease Grading\1. Original Images\a. Training Set\IDRiD_099.jpg,7163,0.027324676513671875,8233,0.031406402587890625,1115,0.004253387451171875,1,0.017120361328125,0.354248046875,83,106,0.00040435791015625,5439,0.020748138427734375,1,0.0226287841796875,0.9970703125,25,1105,0.004215240478515625,455,0.001735687255859375,1,0.00838470458984375,0.99853515625,14,186,0.00070953369140625,1224,0.004669189453125,1,0.027496337890625,0.98779296875,3,553,0.002109527587890625,4
IDRiD,train,IDRiD_100,4,Proliferative DR,D:\retinaguard-ai\data\raw\IDRiD\disease_grading\B. Disease Grading\1. Original Images\a. Training Set\IDRiD_100.jpg,3273,0.012485504150390625,3912,0.014923095703125,669,0.002552032470703125,1,0.0157928466796875,0.356689453125,59,40,0.000152587890625,2204,0.0084075927734375,1,0.01100921630859375,0.9951171875,30,477,0.001819610595703125,117,0.000446319580078125,1,0.006755828857421875,0.97900390625,8,69,0.000263214111328125,922,0.00351715087890625,1,0.0263824462890625,0.98388671875,5,363,0.001384735107421875,4
IDRiD,train,IDRiD_101,3,Severe,D:\retinaguard-ai\data\raw\IDRiD\disease_grading\B. Disease Grading\1. Original Images\a. Training Set\IDRiD_101.jpg,5636,0.0214996337890625,6264,0.023895263671875,647,0.002468109130859375,1,0.01525115966796875,0.385986328125,46,75,0.000286102294921875,2909,0.011096954345703125,1,0.01349639892578125,0.99755859375,26,557,0.002124786376953125,2646,0.01009368896484375,1,0.0175628662109375,0.9990234375,84,192,0.000732421875,62,0.00023651123046875,1,0.0238800048828125,0.95556640625,1,62,0.00023651123046875,4
IDRiD,train,IDRiD_102,2,Moderate,D:\retinaguard-ai\data\raw\IDRiD\disease_grading\B. Disease Grading\1. Original Images\a. Training Set\IDRiD_102.jpg,3142,0.01198577880859375,3327,0.012691497802734375,201,0.000766754150390625,1,0.01441192626953125,0.396484375,15,27,0.000102996826171875,817,0.003116607666015625,1,0.005962371826171875,0.99755859375,11,241,0.000919342041015625,2309,0.008808135986328125,1,0.01529693603515625,0.99755859375,41,658,0.00251007080078125,0,0.0,0,0.0222930908203125,0.396240234375,0,0,0.0,3
IDRiD,train,IDRiD_103,2,Moderate,D:\retinaguard-ai\data\raw\IDRiD\disease_grading\B. Disease Grading\1. Original Images\a. Training Set\IDRiD_103.jpg,1806,0.00688934326171875,1851,0.007061004638671875,54,0.00020599365234375,1,0.0144500732421875,0.307373046875,5,25,9.5367431640625e-05,274,0.00104522705078125,1,0.00426483154296875,0.98779296875,7,115,0.000438690185546875,1523,0.005809783935546875,1,0.012420654296875,0.99853515625,54,135,0.000514984130859375,0,0.0,0,0.022735595703125,0.70751953125,0,0,0.0,3
IDRiD,train,IDRiD_104,4,Proliferative DR,D:\retinaguard-ai\data\raw\IDRiD\disease_grading\B. Disease Grading\1. Original Images\a. Training Set\IDRiD_104.jpg,9743,0.037166595458984375,10378,0.03958892822265625,676,0.0025787353515625,1,0.017059326171875,0.396728515625,69,65,0.000247955322265625,9512,0.036285400390625,1,0.03765869140625,0.99658203125,18,3733,0.014240264892578125,60,0.0002288818359375,1,0.00605010986328125,0.9931640625,4,32,0.0001220703125,130,0.00049591064453125,1,0.0226287841796875,0.97119140625,1,130,0.00049591064453125,4
IDRiD,train,IDRiD_105,1,Mild,D:\retinaguard-ai\data\raw\IDRiD\disease_grading\B. Disease Grading\1. Original Images\a. Training Set\IDRiD_105.jpg,153,0.000583648681640625,190,0.00072479248046875,41,0.000156402587890625,1,0.01432037353515625,0.401123046875,3,25,9.5367431640625e-05,83,0.000316619873046875,1,0.003314971923828125,0.99072265625,2,47,0.000179290771484375,66,0.00025177001953125,1,0.00605010986328125,0.99609375,2,56,0.000213623046875,0,0.0,0,0.021759033203125,0.31494140625,0,0,0.0,3
IDRiD,train,IDRiD_106,2,Moderate,D:\retinaguard-ai\data\raw\IDRiD\disease_grading\B. Disease Grading\1. Original Images\a. Training Set\IDRiD_106.jpg,359,0.001369476318359375,392,0.001495361328125,38,0.00014495849609375,1,0.0146636962890625,0.319091796875,6,29,0.000110626220703125,283,0.001079559326171875,1,0.004085540771484375,0.98828125,5,179,0.000682830810546875,71,0.000270843505859375,1,0.0062255859375,0.99609375,4,26,9.918212890625e-05,0,0.0,0,0.0224151611328125,0.328369140625,0,0,0.0,3
IDRiD,train,IDRiD_107,2,Moderate,D:\retinaguard-ai\data\raw\IDRiD\disease_grading\B. Disease Grading\1. Original Images\a. Training Set\IDRiD_107.jpg,2372,0.0090484619140625,2532,0.0096588134765625,129,0.000492095947265625,1,0.01461029052734375,0.36328125,10,29,0.000110626220703125,430,0.00164031982421875,1,0.00466156005859375,0.9951171875,8,227,0.000865936279296875,1912,0.007293701171875,1,0.01361846923828125,0.998046875,26,451,0.001720428466796875,61,0.000232696533203125,1,0.0228271484375,0.95947265625,2,59,0.000225067138671875,4
IDRiD,train,IDRiD_108,3,Severe,D:\retinaguard-ai\data\raw\IDRiD\disease_grading\B. Disease Grading\1. Original Images\a. Training Set\IDRiD_108.jpg,526,0.00200653076171875,626,0.00238800048828125,113,0.000431060791015625,1,0.01438140869140625,0.451904296875,13,28,0.0001068115234375,476,0.0018157958984375,1,0.0047454833984375,0.99609375,9,144,0.00054931640625,36,0.0001373291015625,1,0.005924224853515625,0.9833984375,3,17,6.4849853515625e-05,1,3.814697265625e-06,1,0.0218048095703125,0.7763671875,1,1,3.814697265625e-06,4
IDRiD,train,IDRiD_109,2,Moderate,D:\retinaguard-ai\data\raw\IDRiD\disease_grading\B. Disease Grading\1. Original Images\a. Training Set\IDRiD_109.jpg,979,0.003734588623046875,1191,0.004543304443359375,238,0.00090789794921875,1,0.01495361328125,0.42724609375,19,27,0.000102996826171875,430,0.00164031982421875,1,0.00457763671875,0.9951171875,12,101,0.000385284423828125,272,0.00103759765625,1,0.007099151611328125,0.99609375,7,179,0.000682830810546875,251,0.000957489013671875,1,0.0234832763671875,0.97705078125,1,251,0.000957489013671875,4
IDRiD,train,IDRiD_110,3,Severe,D:\retinaguard-ai\data\raw\IDRiD\disease_grading\B. Disease Grading\1. Original Images\a. Training Set\IDRiD_110.jpg,5301,0.020221710205078125,5701,0.021747589111328125,432,0.00164794921875,1,0.015045166015625,0.3916015625,29,39,0.000148773193359375,1351,0.005153656005859375,1,0.00801849365234375,0.99560546875,20,270,0.00102996826171875,3842,0.01465606689453125,1,0.0222320556640625,0.9990234375,77,691,0.002635955810546875,76,0.0002899169921875,1,0.0243072509765625,0.939453125,2,73,0.000278472900390625,4
IDRiD,train,IDRiD_111,4,Proliferative DR,D:\retinaguard-ai\data\raw\IDRiD\disease_grading\B. Disease Grading\1. Original Images\a. Training Set\IDRiD_111.jpg,385,0.001468658447265625,476,0.0018157958984375,100,0.0003814697265625,1,0.01446533203125,0.320068359375,6,29,0.000110626220703125,324,0.0012359619140625,1,0.00417327880859375,0.9931640625,4,244,0.0009307861328125,52,0.0001983642578125,1,0.00594329833984375,0.99462890625,4,20,7.62939453125e-05,0,0.0,0,0.02191162109375,0.316650390625,0,0,0.0,3
IDRiD,train,IDRiD_112,3,Severe,D:\retinaguard-ai\data\raw\IDRiD\disease_grading\B. Disease Grading\1. Original Images\a. Training Set\IDRiD_112.jpg,2106,0.00803375244140625,2608,0.00994873046875,531,0.002025604248046875,1,0.01519775390625,0.439208984375,34,91,0.000347137451171875,1222,0.00466156005859375,1,0.007518768310546875,0.99658203125,22,436,0.0016632080078125,301,0.001148223876953125,1,0.007701873779296875,0.99462890625,26,29,0.000110626220703125,554,0.00211334228515625,1,0.0247344970703125,0.984375,2,421,0.001605987548828125,4
IDRiD,train,IDRiD_113,2,Moderate,D:\retinaguard-ai\data\raw\IDRiD\disease_grading\B. Disease Grading\1. Original Images\a. Training Set\IDRiD_113.jpg,3275,0.012493133544921875,3695,0.014095306396484375,465,0.001773834228515625,1,0.01531982421875,0.42333984375,44,32,0.0001220703125,1961,0.007480621337890625,1,0.01009368896484375,0.99658203125,23,645,0.002460479736328125,993,0.003787994384765625,1,0.01035308837890625,0.998046875,34,197,0.000751495361328125,276,0.0010528564453125,1,0.024627685546875,0.96337890625,6,94,0.00035858154296875,4
IDRiD,train,IDRiD_114,3,Severe,D:\retinaguard-ai\data\raw\IDRiD\disease_grading\B. Disease Grading\1. Original Images\a. Training Set\IDRiD_114.jpg,3732,0.0142364501953125,4451,0.016979217529296875,744,0.002838134765625,1,0.0159149169921875,0.398193359375,58,88,0.000335693359375,1819,0.006938934326171875,1,0.00951385498046875,0.99755859375,23,269,0.001026153564453125,103,0.000392913818359375,1,0.0070953369140625,0.99609375,7,34,0.00012969970703125,1785,0.006809234619140625,1,0.03070068359375,0.98486328125,11,339,0.001293182373046875,4
IDRiD,train,IDRiD_115,3,Severe,D:\retinaguard-ai\data\raw\IDRiD\disease_grading\B. Disease Grading\1. Original Images\a. Training Set\IDRiD_115.jpg,10391,0.039638519287109375,11123,0.042430877685546875,619,0.002361297607421875,1,0.016326904296875,0.4462890625,60,64,0.000244140625,2428,0.0092620849609375,1,0.01204681396484375,0.9951171875,38,290,0.00110626220703125,7551,0.028804779052734375,1,0.038116455078125,0.99853515625,121,1054,0.00402069091796875,525,0.002002716064453125,1,0.03131103515625,0.98388671875,19,194,0.00074005126953125,4
IDRiD,train,IDRiD_116,2,Moderate,D:\retinaguard-ai\data\raw\IDRiD\disease_grading\B. Disease Grading\1. Original Images\a. Training Set\IDRiD_116.jpg,3018,0.01151275634765625,3107,0.011852264404296875,88,0.000335693359375,1,0.01421356201171875,0.40625,8,30,0.00011444091796875,171,0.000652313232421875,1,0.00363922119140625,0.9931640625,6,78,0.00029754638671875,2767,0.010555267333984375,1,0.0168304443359375,0.99951171875,21,1078,0.00411224365234375,81,0.000308990478515625,1,0.0229644775390625,0.96728515625,1,81,0.000308990478515625,4
IDRiD,train,IDRiD_117,2,Moderate,D:\retinaguard-ai\data\raw\IDRiD\disease_grading\B. Disease Grading\1. Original Images\a. Training Set\IDRiD_117.jpg,1380,0.0052642822265625,1478,0.00563812255859375,107,0.000408172607421875,1,0.0142669677734375,0.400634765625,9,29,0.000110626220703125,331,0.001262664794921875,1,0.0041961669921875,0.99658203125,7,178,0.00067901611328125,1040,0.00396728515625,1,0.01025390625,0.9990234375,35,139,0.000530242919921875,0,0.0,0,0.0223236083984375,0.46728515625,0,0,0.0,3
IDRiD,train,IDRiD_118,0,No DR,D:\retinaguard-ai\data\raw\IDRiD\disease_grading\B. Disease Grading\1. Original Images\a. Training Set\IDRiD_118.jpg,107,0.000408172607421875,122,0.00046539306640625,18,6.866455078125e-05,1,0.0142822265625,0.250244140625,2,15,5.7220458984375e-05,69,0.000263214111328125,1,0.0032749176025390625,0.9921875,1,69,0.000263214111328125,35,0.000133514404296875,1,0.00600433349609375,0.9677734375,4,13,4.9591064453125e-05,0,0.0,0,0.021728515625,0.327392578125,0,0,0.0,3
IDRiD,train,IDRiD_119,4,Proliferative DR,D:\retinaguard-ai\data\raw\IDRiD\disease_grading\B. Disease Grading\1. Original Images\a. Training Set\IDRiD_119.jpg,5089,0.019412994384765625,5945,0.022678375244140625,898,0.00342559814453125,1,0.0162200927734375,0.44140625,98,39,0.000148773193359375,4624,0.01763916015625,1,0.019775390625,0.99755859375,45,511,0.001949310302734375,242,0.00092315673828125,1,0.007190704345703125,0.99755859375,12,106,0.00040435791015625,181,0.000690460205078125,1,0.023162841796875,0.98095703125,2,117,0.000446319580078125,4
IDRiD,train,IDRiD_120,2,Moderate,D:\retinaguard-ai\data\raw\IDRiD\disease_grading\B. Disease Grading\1. Original Images\a. Training Set\IDRiD_120.jpg,1281,0.004886627197265625,1503,0.005733489990234375,239,0.000911712646484375,1,0.01491546630859375,0.357666015625,23,43,0.000164031982421875,700,0.0026702880859375,1,0.005596160888671875,0.9970703125,8,266,0.00101470947265625,9,3.4332275390625e-05,1,0.006145477294921875,0.9521484375,2,6,2.288818359375e-05,555,0.002117156982421875,1,0.0245361328125,0.97900390625,3,239,0.000911712646484375,4
IDRiD,train,IDRiD_121,2,Moderate,D:\retinaguard-ai\data\raw\IDRiD\disease_grading\B. Disease Grading\1. Original Images\a. Training Set\IDRiD_121.jpg,1021,0.003894805908203125,1082,0.00412750244140625,68,0.0002593994140625,1,0.014373779296875,0.32275390625,8,25,9.5367431640625e-05,351,0.001338958740234375,1,0.004314422607421875,0.99609375,4,270,0.00102996826171875,663,0.002529144287109375,1,0.00885772705078125,0.99755859375,32,99,0.000377655029296875,0,0.0,0,0.022247314453125,0.42333984375,0,0,0.0,3
IDRiD,train,IDRiD_122,2,Moderate,D:\retinaguard-ai\data\raw\IDRiD\disease_grading\B. Disease Grading\1. Original Images\a. Training Set\IDRiD_122.jpg,5679,0.021663665771484375,6611,0.025218963623046875,595,0.002269744873046875,1,0.016815185546875,0.343017578125,50,61,0.000232696533203125,2005,0.007648468017578125,1,0.0103759765625,0.994140625,23,596,0.0022735595703125,1562,0.00595855712890625,1,0.013031005859375,0.99609375,32,158,0.00060272216796875,2449,0.009342193603515625,1,0.03558349609375,0.98193359375,19,716,0.0027313232421875,4
IDRiD,train,IDRiD_123,2,Moderate,D:\retinaguard-ai\data\raw\IDRiD\disease_grading\B. Disease Grading\1. Original Images\a. Training Set\IDRiD_123.jpg,3908,0.0149078369140625,4134,0.01576995849609375,231,0.000881195068359375,1,0.01467132568359375,0.366455078125,26,44,0.0001678466796875,1272,0.004852294921875,1,0.007534027099609375,0.99853515625,8,531,0.002025604248046875,2565,0.009784698486328125,1,0.0169525146484375,0.99853515625,57,323,0.001232147216796875,66,0.00025177001953125,1,0.0239715576171875,0.94580078125,3,54,0.00020599365234375,4
IDRiD,train,IDRiD_124,2,Moderate,D:\retinaguard-ai\data\raw\IDRiD\disease_grading\B. Disease Grading\1. Original Images\a. Training Set\IDRiD_124.jpg,217,0.000827789306640625,238,0.00090789794921875,29,0.000110626220703125,1,0.0144805908203125,0.296875,4,16,6.103515625e-05,69,0.000263214111328125,1,0.003314971923828125,0.986328125,3,42,0.00016021728515625,140,0.0005340576171875,1,0.006256103515625,0.99609375,8,46,0.00017547607421875,0,0.0,0,0.022247314453125,0.433349609375,0,0,0.0,3
IDRiD,train,IDRiD_125,2,Moderate,D:\retinaguard-ai\data\raw\IDRiD\disease_grading\B. Disease Grading\1. Original Images\a. Training Set\IDRiD_125.jpg,4934,0.01882171630859375,5114,0.01950836181640625,194,0.00074005126953125,1,0.01438140869140625,0.344970703125,16,28,0.0001068115234375,983,0.003749847412109375,1,0.006591796875,0.9951171875,10,380,0.0014495849609375,3937,0.015018463134765625,1,0.022186279296875,0.9990234375,75,677,0.002582550048828125,0,0.0,0,0.0226898193359375,0.50732421875,0,0,0.0,3
IDRiD,train,IDRiD_126,2,Moderate,D:\retinaguard-ai\data\raw\IDRiD\disease_grading\B. Disease Grading\1. Original Images\a. Training Set\IDRiD_126.jpg,997,0.003803253173828125,1228,0.0046844482421875,253,0.000965118408203125,1,0.01453399658203125,0.442138671875,23,36,0.0001373291015625,900,0.0034332275390625,1,0.006256103515625,0.998046875,16,233,0.000888824462890625,73,0.000278472900390625,1,0.005992889404296875,0.98974609375,5,33,0.000125885009765625,2,7.62939453125e-06,1,0.02197265625,0.77978515625,2,1,3.814697265625e-06,4
IDRiD,train,IDRiD_127,2,Moderate,D:\retinaguard-ai\data\raw\IDRiD\disease_grading\B. Disease Grading\1. Original Images\a. Training Set\IDRiD_127.jpg,1064,0.004058837890625,1239,0.004726409912109375,193,0.000736236572265625,1,0.01474761962890625,0.3330078125,19,30,0.00011444091796875,873,0.003330230712890625,1,0.006267547607421875,0.99560546875,13,179,0.000682830810546875,173,0.000659942626953125,1,0.006565093994140625,0.994140625,11,52,0.0001983642578125,0,0.0,0,0.021942138671875,0.70556640625,0,0,0.0,3
IDRiD,train,IDRiD_128,2,Moderate,D:\retinaguard-ai\data\raw\IDRiD\disease_grading\B. Disease Grading\1. Original Images\a. Training Set\IDRiD_128.jpg,5518,0.02104949951171875,5806,0.02214813232421875,308,0.0011749267578125,1,0.015533447265625,0.44775390625,33,32,0.0001220703125,1083,0.004131317138671875,1,0.007007598876953125,0.998046875,12,447,0.001705169677734375,2503,0.009548187255859375,1,0.0174102783203125,0.99853515625,47,544,0.0020751953125,1912,0.007293701171875,1,0.031494140625,0.978515625,5,633,0.002414703369140625,4
IDRiD,train,IDRiD_129,2,Moderate,D:\retinaguard-ai\data\raw\IDRiD\disease_grading\B. Disease Grading\1. Original Images\a. Training Set\IDRiD_129.jpg,80,0.00030517578125,109,0.000415802001953125,35,0.000133514404296875,1,0.0142669677734375,0.288330078125,3,19,7.2479248046875e-05,74,0.00028228759765625,1,0.0032825469970703125,0.9921875,2,58,0.00022125244140625,0,0.0,0,0.005756378173828125,0.405517578125,0,0,0.0,0,0.0,0,0.02166748046875,0.307373046875,0,0,0.0,2
IDRiD,train,IDRiD_130,2,Moderate,D:\retinaguard-ai\data\raw\IDRiD\disease_grading\B. Disease Grading\1. Original Images\a. Training Set\IDRiD_130.jpg,1251,0.004772186279296875,1272,0.004852294921875,31,0.000118255615234375,1,0.01427459716796875,0.315673828125,2,28,0.0001068115234375,36,0.0001373291015625,1,0.0031757354736328125,0.96630859375,1,36,0.0001373291015625,1102,0.00420379638671875,1,0.0106201171875,0.9990234375,19,666,0.00254058837890625,103,0.000392913818359375,1,0.022918701171875,0.966796875,2,73,0.000278472900390625,4
IDRiD,train,IDRiD_131,2,Moderate,D:\retinaguard-ai\data\raw\IDRiD\disease_grading\B. Disease Grading\1. Original Images\a. Training Set\IDRiD_131.jpg,297,0.001132965087890625,378,0.00144195556640625,86,0.00032806396484375,1,0.01439666748046875,0.3916015625,5,26,9.918212890625e-05,226,0.00086212158203125,1,0.0037841796875,0.9951171875,4,124,0.0004730224609375,66,0.00025177001953125,1,0.00609588623046875,0.994140625,4,27,0.000102996826171875,0,0.0,0,0.0220794677734375,0.34912109375,0,0,0.0,3
IDRiD,train,IDRiD_132,2,Moderate,D:\retinaguard-ai\data\raw\IDRiD\disease_grading\B. Disease Grading\1. Original Images\a. Training Set\IDRiD_132.jpg,5117,0.019519805908203125,5577,0.021274566650390625,499,0.001903533935546875,1,0.015106201171875,0.5087890625,47,50,0.00019073486328125,1495,0.005702972412109375,1,0.0083160400390625,0.99755859375,28,514,0.00196075439453125,2736,0.01043701171875,1,0.0175628662109375,0.9990234375,58,237,0.000904083251953125,847,0.003231048583984375,1,0.027313232421875,0.9794921875,5,379,0.001445770263671875,4
IDRiD,train,IDRiD_133,2,Moderate,D:\retinaguard-ai\data\raw\IDRiD\disease_grading\B. Disease Grading\1. Original Images\a. Training Set\IDRiD_133.jpg,311,0.001186370849609375,385,0.001468658447265625,91,0.000347137451171875,1,0.014678955078125,0.287109375,9,23,8.7738037109375e-05,144,0.00054931640625,1,0.003536224365234375,0.982421875,7,49,0.000186920166015625,0,0.0,0,0.00583648681640625,0.1593017578125,0,0,0.0,150,0.00057220458984375,1,0.02301025390625,0.9716796875,2,149,0.000568389892578125,3
IDRiD,train,IDRiD_134,2,Moderate,D:\retinaguard-ai\data\raw\IDRiD\disease_grading\B. Disease Grading\1. Original Images\a. Training Set\IDRiD_134.jpg,82,0.00031280517578125,116,0.0004425048828125,47,0.000179290771484375,1,0.01419830322265625,0.362548828125,6,24,9.1552734375e-05,56,0.000213623046875,1,0.0031871795654296875,0.97802734375,4,37,0.000141143798828125,13,4.9591064453125e-05,1,0.005741119384765625,0.93896484375,2,9,3.4332275390625e-05,0,0.0,0,0.022003173828125,0.343505859375,0,0,0.0,3
IDRiD,train,IDRiD_135,2,Moderate,D:\retinaguard-ai\data\raw\IDRiD\disease_grading\B. Disease Grading\1. Original Images\a. Training Set\IDRiD_135.jpg,305,0.001163482666015625,396,0.0015106201171875,102,0.00038909912109375,1,0.01441192626953125,0.345947265625,9,24,9.1552734375e-05,235,0.000896453857421875,1,0.0038967132568359375,0.99658203125,5,80,0.00030517578125,59,0.000225067138671875,1,0.005985260009765625,0.990234375,2,34,0.00012969970703125,0,0.0,0,0.0219268798828125,0.3876953125,0,0,0.0,3
IDRiD,train,IDRiD_136,2,Moderate,D:\retinaguard-ai\data\raw\IDRiD\disease_grading\B. Disease Grading\1. Original Images\a. Training Set\IDRiD_136.jpg,165,0.000629425048828125,182,0.00069427490234375,22,8.392333984375e-05,1,0.01441192626953125,0.314697265625,4,15,5.7220458984375e-05,77,0.000293731689453125,1,0.0033416748046875,0.99462890625,3,71,0.000270843505859375,83,0.000316619873046875,1,0.00603485107421875,0.9912109375,6,25,9.5367431640625e-05,0,0.0,0,0.0216827392578125,0.68212890625,0,0,0.0,3
IDRiD,train,IDRiD_137,2,Moderate,D:\retinaguard-ai\data\raw\IDRiD\disease_grading\B. Disease Grading\1. Original Images\a. Training Set\IDRiD_137.jpg,568,0.002166748046875,759,0.002895355224609375,206,0.00078582763671875,1,0.014678955078125,0.403564453125,13,26,9.918212890625e-05,477,0.001819610595703125,1,0.004711151123046875,0.99462890625,11,93,0.000354766845703125,76,0.0002899169921875,1,0.00601959228515625,0.99609375,4,26,9.918212890625e-05,0,0.0,0,0.022064208984375,0.69384765625,0,0,0.0,3
IDRiD,train,IDRiD_138,0,No DR,D:\retinaguard-ai\data\raw\IDRiD\disease_grading\B. Disease Grading\1. Original Images\a. Training Set\IDRiD_138.jpg,18,6.866455078125e-05,18,6.866455078125e-05,3,1.1444091796875e-05,1,0.014312744140625,0.200439453125,1,3,1.1444091796875e-05,0,0.0,0,0.0030765533447265625,0.10089111328125,0,0,0.0,15,5.7220458984375e-05,1,0.00576019287109375,0.9775390625,1,15,5.7220458984375e-05,0,0.0,0,0.0217437744140625,0.308837890625,0,0,0.0,2
IDRiD,train,IDRiD_139,0,No DR,D:\retinaguard-ai\data\raw\IDRiD\disease_grading\B. Disease Grading\1. Original Images\a. Training Set\IDRiD_139.jpg,3,1.1444091796875e-05,3,1.1444091796875e-05,3,1.1444091796875e-05,1,0.014312744140625,0.1983642578125,1,3,1.1444091796875e-05,0,0.0,0,0.003101348876953125,0.10107421875,0,0,0.0,0,0.0,0,0.005706787109375,0.54248046875,0,0,0.0,0,0.0,0,0.0217437744140625,0.313232421875,0,0,0.0,1
IDRiD,train,IDRiD_140,0,No DR,D:\retinaguard-ai\data\raw\IDRiD\disease_grading\B. Disease Grading\1. Original Images\a. Training Set\IDRiD_140.jpg,23,8.7738037109375e-05,32,0.0001220703125,18,6.866455078125e-05,1,0.0142669677734375,0.311279296875,4,10,3.814697265625e-05,14,5.340576171875e-05,1,0.003131866455078125,0.841796875,2,10,3.814697265625e-05,0,0.0,0,0.00567626953125,0.177001953125,0,0,0.0,0,0.0,0,0.0216064453125,0.403076171875,0,0,0.0,2
IDRiD,train,IDRiD_141,0,No DR,D:\retinaguard-ai\data\raw\IDRiD\disease_grading\B. Disease Grading\1. Original Images\a. Training Set\IDRiD_141.jpg,29,0.000110626220703125,29,0.000110626220703125,3,1.1444091796875e-05,1,0.01410675048828125,0.2012939453125,1,3,1.1444091796875e-05,0,0.0,0,0.002960205078125,0.10302734375,0,0,0.0,26,9.918212890625e-05,1,0.005809783935546875,0.9931640625,1,26,9.918212890625e-05,0,0.0,0,0.021453857421875,0.30810546875,0,0,0.0,2
IDRiD,train,IDRiD_142,0,No DR,D:\retinaguard-ai\data\raw\IDRiD\disease_grading\B. Disease Grading\1. Original Images\a. Training Set\IDRiD_142.jpg,87,0.000331878662109375,121,0.000461578369140625,41,0.000156402587890625,1,0.01441192626953125,0.331787109375,4,19,7.2479248046875e-05,80,0.00030517578125,1,0.003398895263671875,0.97119140625,3,32,0.0001220703125,0,0.0,0,0.005706787109375,0.17333984375,0,0,0.0,0,0.0,0,0.0215606689453125,0.313720703125,0,0,0.0,2
IDRiD,train,IDRiD_143,0,No DR,D:\retinaguard-ai\data\raw\IDRiD\disease_grading\B. Disease Grading\1. Original Images\a. Training Set\IDRiD_143.jpg,9,3.4332275390625e-05,9,3.4332275390625e-05,3,1.1444091796875e-05,1,0.0142974853515625,0.1993408203125,1,3,1.1444091796875e-05,0,0.0,0,0.003108978271484375,0.1019287109375,0,0,0.0,6,2.288818359375e-05,1,0.005695343017578125,0.89892578125,1,6,2.288818359375e-05,0,0.0,0,0.02166748046875,0.308837890625,0,0,0.0,2
IDRiD,train,IDRiD_144,0,No DR,D:\retinaguard-ai\data\raw\IDRiD\disease_grading\B. Disease Grading\1. Original Images\a. Training Set\IDRiD_144.jpg,4016,0.01531982421875,4305,0.016422271728515625,198,0.00075531005859375,1,0.01499176025390625,0.288818359375,13,72,0.000274658203125,30,0.00011444091796875,1,0.003253936767578125,0.92138671875,2,22,8.392333984375e-05,3353,0.012790679931640625,1,0.0221405029296875,0.998046875,104,202,0.00077056884765625,724,0.0027618408203125,1,0.0295257568359375,0.9833984375,15,463,0.001766204833984375,4
IDRiD,train,IDRiD_145,0,No DR,D:\retinaguard-ai\data\raw\IDRiD\disease_grading\B. Disease Grading\1. Original Images\a. Training Set\IDRiD_145.jpg,4438,0.01692962646484375,4897,0.018680572509765625,326,0.00124359130859375,1,0.01554107666015625,0.462158203125,44,49,0.000186920166015625,180,0.0006866455078125,1,0.003971099853515625,0.9931640625,5,96,0.0003662109375,2942,0.01122283935546875,1,0.0205841064453125,0.998046875,111,178,0.00067901611328125,1449,0.005527496337890625,1,0.0330810546875,0.97998046875,25,418,0.00159454345703125,4
IDRiD,train,IDRiD_146,0,No DR,D:\retinaguard-ai\data\raw\IDRiD\disease_grading\B. Disease Grading\1. Original Images\a. Training Set\IDRiD_146.jpg,6998,0.02669525146484375,7583,0.028926849365234375,566,0.00215911865234375,1,0.0178985595703125,0.391357421875,64,122,0.00046539306640625,3847,0.014675140380859375,1,0.017791748046875,0.99267578125,41,1368,0.005218505859375,1132,0.0043182373046875,1,0.01276397705078125,0.99560546875,67,117,0.000446319580078125,2038,0.00777435302734375,1,0.0377197265625,0.982421875,25,439,0.001674652099609375,4
IDRiD,train,IDRiD_147,0,No DR,D:\retinaguard-ai\data\raw\IDRiD\disease_grading\B. Disease Grading\1. Original Images\a. Training Set\IDRiD_147.jpg,2875,0.010967254638671875,3139,0.011974334716796875,261,0.000995635986328125,1,0.0161590576171875,0.328857421875,32,27,0.000102996826171875,1562,0.00595855712890625,1,0.009307861328125,0.98974609375,21,667,0.002544403076171875,665,0.002536773681640625,1,0.0098876953125,0.99462890625,45,67,0.000255584716796875,651,0.002483367919921875,1,0.029205322265625,0.9794921875,12,265,0.001010894775390625,4
IDRiD,train,IDRiD_148,0,No DR,D:\retinaguard-ai\data\raw\IDRiD\disease_grading\B. Disease Grading\1. Original Images\a. Training Set\IDRiD_148.jpg,161,0.000614166259765625,207,0.000789642333984375,51,0.000194549560546875,1,0.01531219482421875,0.26953125,6,19,7.2479248046875e-05,156,0.0005950927734375,1,0.004421234130859375,0.98583984375,4,88,0.000335693359375,0,0.0,0,0.00585174560546875,0.2047119140625,0,0,0.0,0,0.0,0,0.023345947265625,0.31494140625,0,0,0.0,2
IDRiD,train,IDRiD_149,0,No DR,D:\retinaguard-ai\data\raw\IDRiD\disease_grading\B. Disease Grading\1. Original Images\a. Training Set\IDRiD_149.jpg,18824,0.071807861328125,18909,0.07213211059570312,92,0.0003509521484375,1,0.0184783935546875,0.347900390625,19,30,0.00011444091796875,18728,0.071441650390625,1,0.0712890625,0.99365234375,3,18589,0.07091140747070312,14,5.340576171875e-05,1,0.0064849853515625,0.884765625,4,8,3.0517578125e-05,75,0.000286102294921875,1,0.022552490234375,0.9609375,1,75,0.000286102294921875,4
IDRiD,train,IDRiD_150,0,No DR,D:\retinaguard-ai\data\raw\IDRiD\disease_grading\B. Disease Grading\1. Original Images\a. Training Set\IDRiD_150.jpg,32,0.0001220703125,52,0.0001983642578125,24,9.1552734375e-05,1,0.014373779296875,0.3037109375,2,21,8.0108642578125e-05,28,0.0001068115234375,1,0.003147125244140625,0.96533203125,2,26,9.918212890625e-05,0,0.0,0,0.00563812255859375,0.142333984375,0,0,0.0,0,0.0,0,0.0217132568359375,0.45166015625,0,0,0.0,2
IDRiD,train,IDRiD_151,0,No DR,D:\retinaguard-ai\data\raw\IDRiD\disease_grading\B. Disease Grading\1. Original Images\a. Training Set\IDRiD_151.jpg,4,1.52587890625e-05,4,1.52587890625e-05,3,1.1444091796875e-05,1,0.0140380859375,0.1990966796875,1,3,1.1444091796875e-05,0,0.0,0,0.0030231475830078125,0.1375732421875,0,0,0.0,1,3.814697265625e-06,1,0.005580902099609375,0.6279296875,1,1,3.814697265625e-06,0,0.0,0,0.0215911865234375,0.31396484375,0,0,0.0,2
IDRiD,train,IDRiD_152,0,No DR,D:\retinaguard-ai\data\raw\IDRiD\disease_grading\B. Disease Grading\1. Original Images\a. Training Set\IDRiD_152.jpg,13,4.9591064453125e-05,13,4.9591064453125e-05,3,1.1444091796875e-05,1,0.01434326171875,0.1978759765625,1,3,1.1444091796875e-05,0,0.0,0,0.003032684326171875,0.1019287109375,0,0,0.0,10,3.814697265625e-05,1,0.005733489990234375,0.955078125,1,10,3.814697265625e-05,0,0.0,0,0.021759033203125,0.325439453125,0,0,0.0,2
IDRiD,train,IDRiD_153,0,No DR,D:\retinaguard-ai\data\raw\IDRiD\disease_grading\B. Disease Grading\1. Original Images\a. Training Set\IDRiD_153.jpg,281,0.001071929931640625,376,0.001434326171875,104,0.000396728515625,1,0.01458740234375,0.25830078125,8,25,9.5367431640625e-05,272,0.00103759765625,1,0.00403594970703125,0.98388671875,7,103,0.000392913818359375,0,0.0,0,0.00567626953125,0.5283203125,0,0,0.0,0,0.0,0,0.0218353271484375,0.701171875,0,0,0.0,2
IDRiD,train,IDRiD_154,0,No DR,D:\retinaguard-ai\data\raw\IDRiD\disease_grading\B. Disease Grading\1. Original Images\a. Training Set\IDRiD_154.jpg,70,0.00026702880859375,115,0.000438690185546875,56,0.000213623046875,1,0.01442718505859375,0.347900390625,4,26,9.918212890625e-05,59,0.000225067138671875,1,0.0032978057861328125,0.96728515625,4,30,0.00011444091796875,0,0.0,0,0.00563812255859375,0.1436767578125,0,0,0.0,0,0.0,0,0.02191162109375,0.319580078125,0,0,0.0,2
IDRiD,train,IDRiD_155,0,No DR,D:\retinaguard-ai\data\raw\IDRiD\disease_grading\B. Disease Grading\1. Original Images\a. Training Set\IDRiD_155.jpg,4,1.52587890625e-05,4,1.52587890625e-05,3,1.1444091796875e-05,1,0.01422119140625,0.198486328125,1,3,1.1444091796875e-05,0,0.0,0,0.0030670166015625,0.173828125,0,0,0.0,1,3.814697265625e-06,1,0.00567626953125,0.7177734375,1,1,3.814697265625e-06,0,0.0,0,0.0219573974609375,0.488525390625,0,0,0.0,2
IDRiD,train,IDRiD_156,0,No DR,D:\retinaguard-ai\data\raw\IDRiD\disease_grading\B. Disease Grading\1. Original Images\a. Training Set\IDRiD_156.jpg,12,4.57763671875e-05,12,4.57763671875e-05,3,1.1444091796875e-05,1,0.014251708984375,0.1990966796875,1,3,1.1444091796875e-05,0,0.0,0,0.0030498504638671875,0.21337890625,0,0,0.0,9,3.4332275390625e-05,1,0.005756378173828125,0.8095703125,4,3,1.1444091796875e-05,0,0.0,0,0.021697998046875,0.3134765625,0,0,0.0,2
IDRiD,train,IDRiD_157,0,No DR,D:\retinaguard-ai\data\raw\IDRiD\disease_grading\B. Disease Grading\1. Original Images\a. Training Set\IDRiD_157.jpg,75,0.000286102294921875,100,0.0003814697265625,29,0.000110626220703125,1,0.01444244384765625,0.308349609375,3,18,6.866455078125e-05,24,9.1552734375e-05,1,0.0031528472900390625,0.9541015625,1,24,9.1552734375e-05,21,8.0108642578125e-05,1,0.005748748779296875,0.97900390625,1,21,8.0108642578125e-05,26,9.918212890625e-05,1,0.0221405029296875,0.9560546875,1,26,9.918212890625e-05,4
IDRiD,train,IDRiD_158,0,No DR,D:\retinaguard-ai\data\raw\IDRiD\disease_grading\B. Disease Grading\1. Original Images\a. Training Set\IDRiD_158.jpg,19,7.2479248046875e-05,19,7.2479248046875e-05,6,2.288818359375e-05,1,0.01435089111328125,0.199462890625,2,3,1.1444091796875e-05,0,0.0,0,0.00307464599609375,0.309326171875,0,0,0.0,13,4.9591064453125e-05,1,0.005756378173828125,0.95751953125,2,12,4.57763671875e-05,0,0.0,0,0.02166748046875,0.4287109375,0,0,0.0,2
IDRiD,train,IDRiD_159,0,No DR,D:\retinaguard-ai\data\raw\IDRiD\disease_grading\B. Disease Grading\1. Original Images\a. Training Set\IDRiD_159.jpg,155,0.000591278076171875,155,0.000591278076171875,3,1.1444091796875e-05,1,0.014373779296875,0.19873046875,1,3,1.1444091796875e-05,0,0.0,0,0.003047943115234375,0.157958984375,0,0,0.0,152,0.000579833984375,1,0.006633758544921875,0.98193359375,17,18,6.866455078125e-05,0,0.0,0,0.0220947265625,0.53662109375,0,0,0.0,2
IDRiD,train,IDRiD_160,0,No DR,D:\retinaguard-ai\data\raw\IDRiD\disease_grading\B. Disease Grading\1. Original Images\a. Training Set\IDRiD_160.jpg,44,0.0001678466796875,68,0.0002593994140625,29,0.000110626220703125,1,0.0143585205078125,0.314208984375,2,26,9.918212890625e-05,34,0.00012969970703125,1,0.00318145751953125,0.97265625,1,34,0.00012969970703125,5,1.9073486328125e-05,1,0.00571441650390625,0.65185546875,2,4,1.52587890625e-05,0,0.0,0,0.0216522216796875,0.32080078125,0,0,0.0,3
IDRiD,train,IDRiD_161,0,No DR,D:\retinaguard-ai\data\raw\IDRiD\disease_grading\B. Disease Grading\1. Original Images\a. Training Set\IDRiD_161.jpg,457,0.001743316650390625,478,0.00182342529296875,26,9.918212890625e-05,1,0.0148773193359375,0.2242431640625,5,14,5.340576171875e-05,452,0.0017242431640625,1,0.00530242919921875,0.98291015625,5,401,0.001529693603515625,0,0.0,0,0.0057525634765625,0.14501953125,0,0,0.0,0,0.0,0,0.0222930908203125,0.31494140625,0,0,0.0,2
IDRiD,train,IDRiD_162,0,No DR,D:\retinaguard-ai\data\raw\IDRiD\disease_grading\B. Disease Grading\1. Original Images\a. Training Set\IDRiD_162.jpg,1617,0.006168365478515625,1791,0.006832122802734375,203,0.000774383544921875,1,0.01458740234375,0.320556640625,13,78,0.00029754638671875,679,0.002590179443359375,1,0.00548553466796875,0.994140625,8,296,0.001129150390625,909,0.003467559814453125,1,0.00998687744140625,0.99853515625,26,381,0.001453399658203125,0,0.0,0,0.02252197265625,0.658203125,0,0,0.0,3
IDRiD,train,IDRiD_163,0,No DR,D:\retinaguard-ai\data\raw\IDRiD\disease_grading\B. Disease Grading\1. Original Images\a. Training Set\IDRiD_163.jpg,11,4.1961669921875e-05,11,4.1961669921875e-05,3,1.1444091796875e-05,1,0.01413726806640625,0.2010498046875,1,3,1.1444091796875e-05,0,0.0,0,0.0030059814453125,0.331787109375,0,0,0.0,8,3.0517578125e-05,1,0.005741119384765625,0.9296875,1,8,3.0517578125e-05,0,0.0,0,0.0218048095703125,0.54931640625,0,0,0.0,2
IDRiD,train,IDRiD_164,0,No DR,D:\retinaguard-ai\data\raw\IDRiD\disease_grading\B. Disease Grading\1. Original Images\a. Training Set\IDRiD_164.jpg,29,0.000110626220703125,40,0.000152587890625,15,5.7220458984375e-05,1,0.01432037353515625,0.309814453125,3,11,4.1961669921875e-05,25,9.5367431640625e-05,1,0.0031280517578125,0.97509765625,1,25,9.5367431640625e-05,0,0.0,0,0.0057373046875,0.1373291015625,0,0,0.0,0,0.0,0,0.0217437744140625,0.31005859375,0,0,0.0,2
IDRiD,train,IDRiD_165,0,No DR,D:\retinaguard-ai\data\raw\IDRiD\disease_grading\B. Disease Grading\1. Original Images\a. Training Set\IDRiD_165.jpg,3,1.1444091796875e-05,3,1.1444091796875e-05,3,1.1444091796875e-05,1,0.01418304443359375,0.201171875,1,3,1.1444091796875e-05,0,0.0,0,0.00299072265625,0.1026611328125,0,0,0.0,0,0.0,0,0.00568389892578125,0.299560546875,0,0,0.0,0,0.0,0,0.02166748046875,0.43359375,0,0,0.0,1
IDRiD,train,IDRiD_166,0,No DR,D:\retinaguard-ai\data\raw\IDRiD\disease_grading\B. Disease Grading\1. Original Images\a. Training Set\IDRiD_166.jpg,21,8.0108642578125e-05,32,0.0001220703125,15,5.7220458984375e-05,1,0.0142059326171875,0.302490234375,2,12,4.57763671875e-05,16,6.103515625e-05,1,0.0030918121337890625,0.86962890625,1,16,6.103515625e-05,1,3.814697265625e-06,1,0.00566864013671875,0.607421875,1,1,3.814697265625e-06,0,0.0,0,0.0215911865234375,0.31005859375,0,0,0.0,3
IDRiD,train,IDRiD_167,0,No DR,D:\retinaguard-ai\data\raw\IDRiD\disease_grading\B. Disease Grading\1. Original Images\a. Training Set\IDRiD_167.jpg,4,1.52587890625e-05,4,1.52587890625e-05,3,1.1444091796875e-05,1,0.01415252685546875,0.19873046875,1,3,1.1444091796875e-05,1,3.814697265625e-06,1,0.003009796142578125,0.447998046875,1,1,3.814697265625e-06,0,0.0,0,0.0056610107421875,0.14501953125,0,0,0.0,0,0.0,0,0.0214996337890625,0.318603515625,0,0,0.0,2
IDRiD,train,IDRiD_168,0,No DR,D:\retinaguard-ai\data\raw\IDRiD\disease_grading\B. Disease Grading\1. Original Images\a. Training Set\IDRiD_168.jpg,825,0.003147125244140625,841,0.003208160400390625,15,5.7220458984375e-05,1,0.01470947265625,0.25732421875,5,6,2.288818359375e-05,168,0.000640869140625,1,0.003936767578125,0.9580078125,4,139,0.000530242919921875,652,0.0024871826171875,1,0.008697509765625,0.99658203125,25,143,0.000545501708984375,6,2.288818359375e-05,1,0.02337646484375,0.833984375,1,6,2.288818359375e-05,4
IDRiD,train,IDRiD_169,0,No DR,D:\retinaguard-ai\data\raw\IDRiD\disease_grading\B. Disease Grading\1. Original Images\a. Training Set\IDRiD_169.jpg,795,0.003032684326171875,850,0.00324249267578125,74,0.00028228759765625,1,0.014923095703125,0.26708984375,15,25,9.5367431640625e-05,166,0.00063323974609375,1,0.0037479400634765625,0.98388671875,4,123,0.000469207763671875,156,0.0005950927734375,1,0.006763458251953125,0.994140625,17,35,0.000133514404296875,454,0.00173187255859375,1,0.025421142578125,0.98046875,4,228,0.0008697509765625,4
IDRiD,train,IDRiD_170,0,No DR,D:\retinaguard-ai\data\raw\IDRiD\disease_grading\B. Disease Grading\1. Original Images\a. Training Set\IDRiD_170.jpg,59,0.000225067138671875,71,0.000270843505859375,17,6.4849853515625e-05,1,0.01433563232421875,0.293701171875,3,12,4.57763671875e-05,39,0.000148773193359375,1,0.0031909942626953125,0.97216796875,2,25,9.5367431640625e-05,15,5.7220458984375e-05,1,0.0056915283203125,0.98193359375,1,15,5.7220458984375e-05,0,0.0,0,0.02203369140625,0.58544921875,0,0,0.0,3
IDRiD,train,IDRiD_171,0,No DR,D:\retinaguard-ai\data\raw\IDRiD\disease_grading\B. Disease Grading\1. Original Images\a. Training Set\IDRiD_171.jpg,80,0.00030517578125,91,0.000347137451171875,13,4.9591064453125e-05,1,0.01438140869140625,0.199462890625,2,10,3.814697265625e-05,49,0.000186920166015625,1,0.0032138824462890625,0.9208984375,1,49,0.000186920166015625,28,0.0001068115234375,1,0.0056915283203125,0.9658203125,1,28,0.0001068115234375,1,3.814697265625e-06,1,0.02178955078125,0.77490234375,1,1,3.814697265625e-06,4
IDRiD,train,IDRiD_172,0,No DR,D:\retinaguard-ai\data\raw\IDRiD\disease_grading\B. Disease Grading\1. Original Images\a. Training Set\IDRiD_172.jpg,42,0.00016021728515625,64,0.000244140625,26,9.918212890625e-05,1,0.01425933837890625,0.38427734375,2,23,8.7738037109375e-05,38,0.00014495849609375,1,0.0032024383544921875,0.97705078125,1,38,0.00014495849609375,0,0.0,0,0.00565338134765625,0.24658203125,0,0,0.0,0,0.0,0,0.0214691162109375,0.306884765625,0,0,0.0,2
IDRiD,train,IDRiD_173,0,No DR,D:\retinaguard-ai\data\raw\IDRiD\disease_grading\B. Disease Grading\1. Original Images\a. Training Set\IDRiD_173.jpg,63,0.000240325927734375,97,0.000370025634765625,43,0.000164031982421875,1,0.01432037353515625,0.296630859375,4,17,6.4849853515625e-05,54,0.00020599365234375,1,0.00322723388671875,0.955078125,3,22,8.392333984375e-05,0,0.0,0,0.005702972412109375,0.5087890625,0,0,0.0,0,0.0,0,0.0216827392578125,0.310791015625,0,0,0.0,2
IDRiD,train,IDRiD_174,0,No DR,D:\retinaguard-ai\data\raw\IDRiD\disease_grading\B. Disease Grading\1. Original Images\a. Training Set\IDRiD_174.jpg,10,3.814697265625e-05,10,3.814697265625e-05,3,1.1444091796875e-05,1,0.01432037353515625,0.199462890625,1,3,1.1444091796875e-05,0,0.0,0,0.003093719482421875,0.10211181640625,0,0,0.0,7,2.6702880859375e-05,1,0.005706787109375,0.71923828125,2,4,1.52587890625e-05,0,0.0,0,0.0218658447265625,0.32373046875,0,0,0.0,2
IDRiD,train,IDRiD_175,0,No DR,D:\retinaguard-ai\data\raw\IDRiD\disease_grading\B. Disease Grading\1. Original Images\a. Training Set\IDRiD_175.jpg,51,0.000194549560546875,69,0.000263214111328125,21,8.0108642578125e-05,1,0.01435089111328125,0.439208984375,2,18,6.866455078125e-05,48,0.00018310546875,1,0.0032367706298828125,0.99169921875,1,48,0.00018310546875,0,0.0,0,0.0056304931640625,0.140380859375,0,0,0.0,0,0.0,0,0.0215911865234375,0.3125,0,0,0.0,2
IDRiD,train,IDRiD_176,0,No DR,D:\retinaguard-ai\data\raw\IDRiD\disease_grading\B. Disease Grading\1. Original Images\a. Training Set\IDRiD_176.jpg,3,1.1444091796875e-05,3,1.1444091796875e-05,3,1.1444091796875e-05,1,0.01425933837890625,0.197021484375,1,3,1.1444091796875e-05,0,0.0,0,0.0030727386474609375,0.1015625,0,0,0.0,0,0.0,0,0.00560760498046875,0.178955078125,0,0,0.0,0,0.0,0,0.021514892578125,0.31005859375,0,0,0.0,1
IDRiD,train,IDRiD_177,0,No DR,D:\retinaguard-ai\data\raw\IDRiD\disease_grading\B. Disease Grading\1. Original Images\a. Training Set\IDRiD_177.jpg,45,0.000171661376953125,67,0.000255584716796875,27,0.000102996826171875,1,0.0142974853515625,0.328857421875,3,17,6.4849853515625e-05,36,0.0001373291015625,1,0.0031414031982421875,0.9560546875,2,22,8.392333984375e-05,3,1.1444091796875e-05,1,0.005695343017578125,0.65234375,1,3,1.1444091796875e-05,1,3.814697265625e-06,1,0.021759033203125,0.7646484375,1,1,3.814697265625e-06,4
IDRiD,train,IDRiD_178,4,Proliferative DR,D:\retinaguard-ai\data\raw\IDRiD\disease_grading\B. Disease Grading\1. Original Images\a. Training Set\IDRiD_178.jpg,1771,0.006755828857421875,2098,0.00800323486328125,349,0.001331329345703125,1,0.014862060546875,0.380126953125,27,46,0.00017547607421875,1291,0.004924774169921875,1,0.00766754150390625,0.998046875,16,253,0.000965118408203125,456,0.001739501953125,1,0.00801849365234375,0.99755859375,17,126,0.00048065185546875,2,7.62939453125e-06,1,0.02264404296875,0.7861328125,1,2,7.62939453125e-06,4
IDRiD,train,IDRiD_179,0,No DR,D:\retinaguard-ai\data\raw\IDRiD\disease_grading\B. Disease Grading\1. Original Images\a. Training Set\IDRiD_179.jpg,982,0.00374603271484375,1069,0.004077911376953125,87,0.000331878662109375,1,0.0157623291015625,0.32275390625,12,21,8.0108642578125e-05,872,0.003326416015625,1,0.0073089599609375,0.99267578125,8,438,0.00167083740234375,95,0.000362396240234375,1,0.00681304931640625,0.98583984375,8,36,0.0001373291015625,15,5.7220458984375e-05,1,0.024444580078125,0.89453125,3,8,3.0517578125e-05,4
IDRiD,train,IDRiD_180,3,Severe,D:\retinaguard-ai\data\raw\IDRiD\disease_grading\B. Disease Grading\1. Original Images\a. Training Set\IDRiD_180.jpg,4749,0.018115997314453125,5527,0.021083831787109375,823,0.003139495849609375,1,0.0165252685546875,0.400390625,84,34,0.00012969970703125,4620,0.0176239013671875,1,0.0197906494140625,0.9970703125,51,1169,0.004459381103515625,84,0.0003204345703125,1,0.006359100341796875,0.9921875,6,42,0.00016021728515625,0,0.0,0,0.022552490234375,0.383056640625,0,0,0.0,3
IDRiD,train,IDRiD_181,0,No DR,D:\retinaguard-ai\data\raw\IDRiD\disease_grading\B. Disease Grading\1. Original Images\a. Training Set\IDRiD_181.jpg,3,1.1444091796875e-05,3,1.1444091796875e-05,3,1.1444091796875e-05,1,0.01409912109375,0.197265625,1,3,1.1444091796875e-05,0,0.0,0,0.00293731689453125,0.212890625,0,0,0.0,0,0.0,0,0.005649566650390625,0.45751953125,0,0,0.0,0,0.0,0,0.0220489501953125,0.4375,0,0,0.0,1
IDRiD,train,IDRiD_182,0,No DR,D:\retinaguard-ai\data\raw\IDRiD\disease_grading\B. Disease Grading\1. Original Images\a. Training Set\IDRiD_182.jpg,368,0.00140380859375,405,0.001544952392578125,45,0.000171661376953125,1,0.01474761962890625,0.34130859375,8,15,5.7220458984375e-05,214,0.00081634521484375,1,0.004741668701171875,0.912109375,11,94,0.00035858154296875,10,3.814697265625e-05,1,0.005573272705078125,0.82958984375,1,10,3.814697265625e-05,136,0.000518798828125,1,0.02337646484375,0.9736328125,1,136,0.000518798828125,4
IDRiD,train,IDRiD_183,2,Moderate,D:\retinaguard-ai\data\raw\IDRiD\disease_grading\B. Disease Grading\1. Original Images\a. Training Set\IDRiD_183.jpg,80,0.00030517578125,80,0.00030517578125,7,2.6702880859375e-05,1,0.01441192626953125,0.2269287109375,2,4,1.52587890625e-05,0,0.0,0,0.00298309326171875,0.249267578125,0,0,0.0,73,0.000278472900390625,1,0.006195068359375,0.98828125,4,38,0.00014495849609375,0,0.0,0,0.0227813720703125,0.49462890625,0,0,0.0,2
IDRiD,train,IDRiD_184,0,No DR,D:\retinaguard-ai\data\raw\IDRiD\disease_grading\B. Disease Grading\1. Original Images\a. Training Set\IDRiD_184.jpg,71,0.000270843505859375,71,0.000270843505859375,3,1.1444091796875e-05,1,0.01480865478515625,0.19677734375,1,3,1.1444091796875e-05,49,0.000186920166015625,1,0.0036029815673828125,0.84228515625,1,49,0.000186920166015625,19,7.2479248046875e-05,1,0.00606536865234375,0.9296875,3,16,6.103515625e-05,0,0.0,0,0.0235595703125,0.54541015625,0,0,0.0,3
IDRiD,train,IDRiD_185,2,Moderate,D:\retinaguard-ai\data\raw\IDRiD\disease_grading\B. Disease Grading\1. Original Images\a. Training Set\IDRiD_185.jpg,1286,0.00490570068359375,1529,0.005832672119140625,261,0.000995635986328125,1,0.014923095703125,0.41796875,20,54,0.00020599365234375,277,0.001056671142578125,1,0.004016876220703125,0.99267578125,7,93,0.000354766845703125,191,0.000728607177734375,1,0.006992340087890625,0.9970703125,12,58,0.00022125244140625,800,0.0030517578125,1,0.026123046875,0.978515625,5,294,0.00112152099609375,4
IDRiD,train,IDRiD_186,2,Moderate,D:\retinaguard-ai\data\raw\IDRiD\disease_grading\B. Disease Grading\1. Original Images\a. Training Set\IDRiD_186.jpg,6000,0.02288818359375,6506,0.02481842041015625,223,0.000850677490234375,1,0.01496124267578125,0.339599609375,34,20,7.62939453125e-05,786,0.00299835205078125,1,0.005939483642578125,0.9970703125,13,313,0.001194000244140625,4905,0.018711090087890625,1,0.0255584716796875,0.99951171875,42,1820,0.0069427490234375,592,0.00225830078125,1,0.0278778076171875,0.97314453125,11,275,0.001049041748046875,4
IDRiD,train,IDRiD_187,2,Moderate,D:\retinaguard-ai\data\raw\IDRiD\disease_grading\B. Disease Grading\1. Original Images\a. Training Set\IDRiD_187.jpg,1320,0.005035400390625,1564,0.0059661865234375,222,0.00084686279296875,1,0.014678955078125,0.347900390625,20,35,0.000133514404296875,1142,0.00435638427734375,1,0.007144927978515625,0.99755859375,8,390,0.00148773193359375,135,0.000514984130859375,1,0.006427764892578125,0.99072265625,7,54,0.00020599365234375,65,0.000247955322265625,1,0.022491455078125,0.9462890625,1,65,0.000247955322265625,4
IDRiD,train,IDRiD_188,2,Moderate,D:\retinaguard-ai\data\raw\IDRiD\disease_grading\B. Disease Grading\1. Original Images\a. Training Set\IDRiD_188.jpg,888,0.003387451171875,1044,0.0039825439453125,137,0.000522613525390625,1,0.0146484375,0.32177734375,10,51,0.000194549560546875,67,0.000255584716796875,1,0.003185272216796875,0.984375,1,67,0.000255584716796875,105,0.000400543212890625,1,0.0067596435546875,0.99560546875,9,30,0.00011444091796875,735,0.002803802490234375,1,0.0259857177734375,0.9833984375,5,201,0.000766754150390625,4
IDRiD,train,IDRiD_189,4,Proliferative DR,D:\retinaguard-ai\data\raw\IDRiD\disease_grading\B. Disease Grading\1. Original Images\a. Training Set\IDRiD_189.jpg,3139,0.011974334716796875,3375,0.012874603271484375,241,0.000919342041015625,1,0.01482391357421875,0.416259765625,31,26,9.918212890625e-05,789,0.003009796142578125,1,0.005817413330078125,0.99462890625,8,242,0.00092315673828125,1772,0.0067596435546875,1,0.013580322265625,0.998046875,40,188,0.0007171630859375,573,0.002185821533203125,1,0.02545166015625,0.98388671875,4,417,0.001590728759765625,4
IDRiD,train,IDRiD_190,0,No DR,D:\retinaguard-ai\data\raw\IDRiD\disease_grading\B. Disease Grading\1. Original Images\a. Training Set\IDRiD_190.jpg,3,1.1444091796875e-05,3,1.1444091796875e-05,3,1.1444091796875e-05,1,0.0141754150390625,0.1971435546875,1,3,1.1444091796875e-05,0,0.0,0,0.0029544830322265625,0.21142578125,0,0,0.0,0,0.0,0,0.00566864013671875,0.142822265625,0,0,0.0,0,0.0,0,0.0218658447265625,0.3583984375,0,0,0.0,1
IDRiD,train,IDRiD_191,2,Moderate,D:\retinaguard-ai\data\raw\IDRiD\disease_grading\B. Disease Grading\1. Original Images\a. Training Set\IDRiD_191.jpg,4341,0.016559600830078125,4944,0.01885986328125,589,0.002246856689453125,1,0.016265869140625,0.36083984375,56,42,0.00016021728515625,2563,0.009777069091796875,1,0.01230621337890625,0.9970703125,16,868,0.0033111572265625,72,0.000274658203125,1,0.006847381591796875,0.96875,1,72,0.000274658203125,1720,0.006561279296875,1,0.0301971435546875,0.98046875,9,506,0.00193023681640625,4
IDRiD,train,IDRiD_192,3,Severe,D:\retinaguard-ai\data\raw\IDRiD\disease_grading\B. Disease Grading\1. Original Images\a. Training Set\IDRiD_192.jpg,8513,0.032474517822265625,9645,0.036792755126953125,1155,0.004405975341796875,1,0.017822265625,0.37158203125,86,124,0.0004730224609375,5438,0.02074432373046875,1,0.0228424072265625,0.998046875,22,900,0.0034332275390625,190,0.00072479248046875,1,0.0081329345703125,0.99365234375,9,45,0.000171661376953125,2862,0.01091766357421875,1,0.036346435546875,0.9794921875,11,549,0.002094268798828125,4
IDRiD,train,IDRiD_193,0,No DR,D:\retinaguard-ai\data\raw\IDRiD\disease_grading\B. Disease Grading\1. Original Images\a. Training Set\IDRiD_193.jpg,34,0.00012969970703125,41,0.000156402587890625,13,4.9591064453125e-05,1,0.01422119140625,0.2462158203125,2,10,3.814697265625e-05,7,2.6702880859375e-05,1,0.00304412841796875,0.7900390625,1,7,2.6702880859375e-05,21,8.0108642578125e-05,1,0.005893707275390625,0.94873046875,3,10,3.814697265625e-05,0,0.0,0,0.021759033203125,0.5654296875,0,0,0.0,3
IDRiD,train,IDRiD_194,1,Mild,D:\retinaguard-ai\data\raw\IDRiD\disease_grading\B. Disease Grading\1. Original Images\a. Training Set\IDRiD_194.jpg,16,6.103515625e-05,20,7.62939453125e-05,7,2.6702880859375e-05,1,0.0142822265625,0.197021484375,2,4,1.52587890625e-05,13,4.9591064453125e-05,1,0.003040313720703125,0.79296875,1,13,4.9591064453125e-05,0,0.0,0,0.0056304931640625,0.14306640625,0,0,0.0,0,0.0,0,0.0221099853515625,0.31982421875,0,0,0.0,2
IDRiD,train,IDRiD_195,0,No DR,D:\retinaguard-ai\data\raw\IDRiD\disease_grading\B. Disease Grading\1. Original Images\a. Training Set\IDRiD_195.jpg,10,3.814697265625e-05,10,3.814697265625e-05,7,2.6702880859375e-05,1,0.01416778564453125,0.197021484375,2,4,1.52587890625e-05,0,0.0,0,0.00295257568359375,0.30224609375,0,0,0.0,3,1.1444091796875e-05,1,0.005718231201171875,0.77880859375,1,3,1.1444091796875e-05,0,0.0,0,0.0219268798828125,0.415771484375,0,0,0.0,2
IDRiD,train,IDRiD_196,2,Moderate,D:\retinaguard-ai\data\raw\IDRiD\disease_grading\B. Disease Grading\1. Original Images\a. Training Set\IDRiD_196.jpg,5267,0.020092010498046875,5705,0.021762847900390625,364,0.0013885498046875,1,0.016021728515625,0.45361328125,35,60,0.0002288818359375,4169,0.015903472900390625,1,0.0176544189453125,0.99658203125,16,1511,0.005764007568359375,924,0.0035247802734375,1,0.009918212890625,0.99853515625,19,236,0.0009002685546875,248,0.000946044921875,1,0.024200439453125,0.9716796875,3,228,0.0008697509765625,4
IDRiD,train,IDRiD_197,0,No DR,D:\retinaguard-ai\data\raw\IDRiD\disease_grading\B. Disease Grading\1. Original Images\a. Training Set\IDRiD_197.jpg,271,0.001033782958984375,331,0.001262664794921875,35,0.000133514404296875,1,0.014373779296875,0.25537109375,4,18,6.866455078125e-05,0,0.0,0,0.002979278564453125,0.275146484375,0,0,0.0,58,0.00022125244140625,1,0.00611114501953125,0.96142578125,2,52,0.0001983642578125,238,0.00090789794921875,1,0.02313232421875,0.9765625,3,137,0.000522613525390625,3
IDRiD,train,IDRiD_198,1,Mild,D:\retinaguard-ai\data\raw\IDRiD\disease_grading\B. Disease Grading\1. Original Images\a. Training Set\IDRiD_198.jpg,88,0.000335693359375,88,0.000335693359375,3,1.1444091796875e-05,1,0.01416778564453125,0.197021484375,1,3,1.1444091796875e-05,0,0.0,0,0.00298309326171875,0.1805419921875,0,0,0.0,85,0.000324249267578125,1,0.00612640380859375,0.98876953125,4,48,0.00018310546875,0,0.0,0,0.022003173828125,0.6865234375,0,0,0.0,2
IDRiD,train,IDRiD_199,0,No DR,D:\retinaguard-ai\data\raw\IDRiD\disease_grading\B. Disease Grading\1. Original Images\a. Training Set\IDRiD_199.jpg,158,0.00060272216796875,177,0.000675201416015625,30,0.00011444091796875,1,0.0142059326171875,0.287353515625,3,20,7.62939453125e-05,56,0.000213623046875,1,0.0031833648681640625,0.97607421875,2,55,0.000209808349609375,91,0.000347137451171875,1,0.00614166259765625,0.990234375,5,39,0.000148773193359375,0,0.0,0,0.0220794677734375,0.468994140625,0,0,0.0,3
IDRiD,train,IDRiD_200,0,No DR,D:\retinaguard-ai\data\raw\IDRiD\disease_grading\B. Disease Grading\1. Original Images\a. Training Set\IDRiD_200.jpg,144,0.00054931640625,186,0.00070953369140625,52,0.0001983642578125,1,0.014556884765625,0.269775390625,4,26,9.918212890625e-05,29,0.000110626220703125,1,0.0031070709228515625,0.84326171875,1,29,0.000110626220703125,0,0.0,0,0.005706787109375,0.591796875,0,0,0.0,105,0.000400543212890625,1,0.02392578125,0.96826171875,2,93,0.000354766845703125,3
IDRiD,train,IDRiD_201,2,Moderate,D:\retinaguard-ai\data\raw\IDRiD\disease_grading\B. Disease Grading\1. Original Images\a. Training Set\IDRiD_201.jpg,122,0.00046539306640625,190,0.00072479248046875,68,0.0002593994140625,1,0.01433563232421875,0.453857421875,4,35,0.000133514404296875,74,0.00028228759765625,1,0.00324249267578125,0.9912109375,2,39,0.000148773193359375,18,6.866455078125e-05,1,0.005847930908203125,0.88916015625,2,12,4.57763671875e-05,30,0.00011444091796875,1,0.0219573974609375,0.9248046875,2,26,9.918212890625e-05,4
IDRiD,train,IDRiD_202,0,No DR,D:\retinaguard-ai\data\raw\IDRiD\disease_grading\B. Disease Grading\1. Original Images\a. Training Set\IDRiD_202.jpg,15,5.7220458984375e-05,15,5.7220458984375e-05,3,1.1444091796875e-05,1,0.01432037353515625,0.197021484375,1,3,1.1444091796875e-05,0,0.0,0,0.003002166748046875,0.146240234375,0,0,0.0,12,4.57763671875e-05,1,0.005855560302734375,0.95068359375,1,12,4.57763671875e-05,0,0.0,0,0.02191162109375,0.64990234375,0,0,0.0,2
IDRiD,train,IDRiD_203,1,Mild,D:\retinaguard-ai\data\raw\IDRiD\disease_grading\B. Disease Grading\1. Original Images\a. Training Set\IDRiD_203.jpg,124,0.0004730224609375,126,0.00048065185546875,8,3.0517578125e-05,1,0.01415252685546875,0.228515625,2,5,1.9073486328125e-05,2,7.62939453125e-06,1,0.0029621124267578125,0.6357421875,1,2,7.62939453125e-06,116,0.0004425048828125,1,0.006206512451171875,0.99267578125,5,55,0.000209808349609375,0,0.0,0,0.0219879150390625,0.72607421875,0,0,0.0,3
IDRiD,train,IDRiD_204,0,No DR,D:\retinaguard-ai\data\raw\IDRiD\disease_grading\B. Disease Grading\1. Original Images\a. Training Set\IDRiD_204.jpg,22,8.392333984375e-05,22,8.392333984375e-05,3,1.1444091796875e-05,1,0.01424407958984375,0.1971435546875,1,3,1.1444091796875e-05,0,0.0,0,0.0029964447021484375,0.10302734375,0,0,0.0,19,7.2479248046875e-05,1,0.005916595458984375,0.9345703125,3,9,3.4332275390625e-05,0,0.0,0,0.0218658447265625,0.3193359375,0,0,0.0,2
IDRiD,train,IDRiD_205,0,No DR,D:\retinaguard-ai\data\raw\IDRiD\disease_grading\B. Disease Grading\1. Original Images\a. Training Set\IDRiD_205.jpg,23,8.7738037109375e-05,28,0.0001068115234375,3,1.1444091796875e-05,1,0.01433563232421875,0.1971435546875,1,3,1.1444091796875e-05,0,0.0,0,0.00304412841796875,0.2137451171875,0,0,0.0,18,6.866455078125e-05,1,0.006031036376953125,0.92333984375,3,10,3.814697265625e-05,7,2.6702880859375e-05,1,0.0219879150390625,0.81298828125,1,7,2.6702880859375e-05,3
IDRiD,train,IDRiD_206,0,No DR,D:\retinaguard-ai\data\raw\IDRiD\disease_grading\B. Disease Grading\1. Original Images\a. Training Set\IDRiD_206.jpg,17,6.4849853515625e-05,17,6.4849853515625e-05,3,1.1444091796875e-05,1,0.0142364501953125,0.1971435546875,1,3,1.1444091796875e-05,9,3.4332275390625e-05,1,0.0030517578125,0.66357421875,1,9,3.4332275390625e-05,5,1.9073486328125e-05,1,0.005725860595703125,0.85498046875,1,5,1.9073486328125e-05,0,0.0,0,0.021728515625,0.31982421875,0,0,0.0,3
IDRiD,train,IDRiD_207,3,Severe,D:\retinaguard-ai\data\raw\IDRiD\disease_grading\B. Disease Grading\1. Original Images\a. Training Set\IDRiD_207.jpg,1365,0.005207061767578125,1522,0.00580596923828125,187,0.000713348388671875,1,0.0146484375,0.46044921875,16,41,0.000156402587890625,695,0.002651214599609375,1,0.0055084228515625,0.99755859375,9,319,0.001216888427734375,423,0.001613616943359375,1,0.007617950439453125,0.99755859375,12,153,0.000583648681640625,217,0.000827789306640625,1,0.0231781005859375,0.9775390625,1,217,0.000827789306640625,4
IDRiD,train,IDRiD_208,2,Moderate,D:\retinaguard-ai\data\raw\IDRiD\disease_grading\B. Disease Grading\1. Original Images\a. Training Set\IDRiD_208.jpg,19,7.2479248046875e-05,19,7.2479248046875e-05,4,1.52587890625e-05,1,0.01422882080078125,0.197265625,2,3,1.1444091796875e-05,0,0.0,0,0.0029468536376953125,0.10302734375,0,0,0.0,15,5.7220458984375e-05,1,0.005817413330078125,0.958984375,1,15,5.7220458984375e-05,0,0.0,0,0.02178955078125,0.37060546875,0,0,0.0,2
IDRiD,train,IDRiD_209,0,No DR,D:\retinaguard-ai\data\raw\IDRiD\disease_grading\B. Disease Grading\1. Original Images\a. Training Set\IDRiD_209.jpg,281,0.001071929931640625,298,0.00113677978515625,22,8.392333984375e-05,1,0.01427459716796875,0.416748046875,3,16,6.103515625e-05,30,0.00011444091796875,1,0.0031299591064453125,0.951171875,2,23,8.7738037109375e-05,221,0.000843048095703125,1,0.007049560546875,0.9951171875,16,81,0.000308990478515625,25,9.5367431640625e-05,1,0.022552490234375,0.93310546875,2,22,8.392333984375e-05,4
IDRiD,train,IDRiD_210,0,No DR,D:\retinaguard-ai\data\raw\IDRiD\disease_grading\B. Disease Grading\1. Original Images\a. Training Set\IDRiD_210.jpg,3,1.1444091796875e-05,3,1.1444091796875e-05,3,1.1444091796875e-05,1,0.0142822265625,0.197021484375,1,3,1.1444091796875e-05,0,0.0,0,0.0030345916748046875,0.10284423828125,0,0,0.0,0,0.0,0,0.005771636962890625,0.55517578125,0,0,0.0,0,0.0,0,0.0216827392578125,0.320556640625,0,0,0.0,1
IDRiD,train,IDRiD_211,0,No DR,D:\retinaguard-ai\data\raw\IDRiD\disease_grading\B. Disease Grading\1. Original Images\a. Training Set\IDRiD_211.jpg,82,0.00031280517578125,96,0.0003662109375,24,9.1552734375e-05,1,0.0142974853515625,0.3271484375,3,11,4.1961669921875e-05,24,9.1552734375e-05,1,0.0030956268310546875,0.8798828125,2,14,5.340576171875e-05,48,0.00018310546875,1,0.006038665771484375,0.98046875,5,20,7.62939453125e-05,0,0.0,0,0.0218048095703125,0.4111328125,0,0,0.0,3
IDRiD,train,IDRiD_212,0,No DR,D:\retinaguard-ai\data\raw\IDRiD\disease_grading\B. Disease Grading\1. Original Images\a. Training Set\IDRiD_212.jpg,78,0.00029754638671875,78,0.00029754638671875,3,1.1444091796875e-05,1,0.01441192626953125,0.197021484375,1,3,1.1444091796875e-05,0,0.0,0,0.003047943115234375,0.10302734375,0,0,0.0,75,0.000286102294921875,1,0.006298065185546875,0.9599609375,6,26,9.918212890625e-05,0,0.0,0,0.022186279296875,0.54150390625,0,0,0.0,2
IDRiD,train,IDRiD_213,0,No DR,D:\retinaguard-ai\data\raw\IDRiD\disease_grading\B. Disease Grading\1. Original Images\a. Training Set\IDRiD_213.jpg,338,0.00128936767578125,379,0.001445770263671875,44,0.0001678466796875,1,0.0145263671875,0.2069091796875,11,22,8.392333984375e-05,1,3.814697265625e-06,1,0.0030345916748046875,0.546875,1,1,3.814697265625e-06,0,0.0,0,0.005802154541015625,0.25390625,0,0,0.0,334,0.00127410888671875,1,0.023345947265625,0.97705078125,1,334,0.00127410888671875,3
IDRiD,train,IDRiD_214,0,No DR,D:\retinaguard-ai\data\raw\IDRiD\disease_grading\B. Disease Grading\1. Original Images\a. Training Set\IDRiD_214.jpg,4,1.52587890625e-05,4,1.52587890625e-05,4,1.52587890625e-05,1,0.014190673828125,0.197265625,2,3,1.1444091796875e-05,0,0.0,0,0.0029449462890625,0.10302734375,0,0,0.0,0,0.0,0,0.005702972412109375,0.51025390625,0,0,0.0,0,0.0,0,0.021636962890625,0.31982421875,0,0,0.0,1
IDRiD,train,IDRiD_215,2,Moderate,D:\retinaguard-ai\data\raw\IDRiD\disease_grading\B. Disease Grading\1. Original Images\a. Training Set\IDRiD_215.jpg,212,0.0008087158203125,251,0.000957489013671875,45,0.000171661376953125,1,0.014190673828125,0.31494140625,5,22,8.392333984375e-05,152,0.000579833984375,1,0.0035495758056640625,0.9951171875,2,132,0.0005035400390625,54,0.00020599365234375,1,0.006069183349609375,0.98828125,5,22,8.392333984375e-05,0,0.0,0,0.0217132568359375,0.38134765625,0,0,0.0,3
IDRiD,train,IDRiD_216,2,Moderate,D:\retinaguard-ai\data\raw\IDRiD\disease_grading\B. Disease Grading\1. Original Images\a. Training Set\IDRiD_216.jpg,2738,0.01044464111328125,2858,0.01090240478515625,173,0.000659942626953125,1,0.01558685302734375,0.317626953125,33,41,0.000156402587890625,2447,0.009334564208984375,1,0.01177215576171875,0.99267578125,8,2070,0.00789642333984375,238,0.00090789794921875,1,0.0067138671875,0.9970703125,3,191,0.000728607177734375,0,0.0,0,0.02203369140625,0.68359375,0,0,0.0,3
IDRiD,train,IDRiD_217,0,No DR,D:\retinaguard-ai\data\raw\IDRiD\disease_grading\B. Disease Grading\1. Original Images\a. Training Set\IDRiD_217.jpg,62,0.00023651123046875,99,0.000377655029296875,46,0.00017547607421875,1,0.01427459716796875,0.271484375,4,24,9.1552734375e-05,53,0.000202178955078125,1,0.0031604766845703125,0.94970703125,2,27,0.000102996826171875,0,0.0,0,0.0057525634765625,0.142578125,0,0,0.0,0,0.0,0,0.02191162109375,0.31982421875,0,0,0.0,2
IDRiD,train,IDRiD_218,0,No DR,D:\retinaguard-ai\data\raw\IDRiD\disease_grading\B. Disease Grading\1. Original Images\a. Training Set\IDRiD_218.jpg,22,8.392333984375e-05,22,8.392333984375e-05,3,1.1444091796875e-05,1,0.0142669677734375,0.19677734375,1,3,1.1444091796875e-05,0,0.0,0,0.0030155181884765625,0.199951171875,0,0,0.0,19,7.2479248046875e-05,1,0.0058441162109375,0.98828125,1,19,7.2479248046875e-05,0,0.0,0,0.02166748046875,0.31982421875,0,0,0.0,2
IDRiD,train,IDRiD_219,0,No DR,D:\retinaguard-ai\data\raw\IDRiD\disease_grading\B. Disease Grading\1. Original Images\a. Training Set\IDRiD_219.jpg,3,1.1444091796875e-05,3,1.1444091796875e-05,3,1.1444091796875e-05,1,0.01419830322265625,0.1971435546875,1,3,1.1444091796875e-05,0,0.0,0,0.0030078887939453125,0.10302734375,0,0,0.0,0,0.0,0,0.005706787109375,0.399658203125,0,0,0.0,0,0.0,0,0.0215606689453125,0.320068359375,0,0,0.0,1
IDRiD,train,IDRiD_220,0,No DR,D:\retinaguard-ai\data\raw\IDRiD\disease_grading\B. Disease Grading\1. Original Images\a. Training Set\IDRiD_220.jpg,40,0.000152587890625,47,0.000179290771484375,14,5.340576171875e-05,1,0.01412200927734375,0.2108154296875,5,4,1.52587890625e-05,33,0.000125885009765625,1,0.0030460357666015625,0.93505859375,3,23,8.7738037109375e-05,0,0.0,0,0.005657196044921875,0.1427001953125,0,0,0.0,0,0.0,0,0.021759033203125,0.4091796875,0,0,0.0,2
IDRiD,train,IDRiD_221,0,No DR,D:\retinaguard-ai\data\raw\IDRiD\disease_grading\B. Disease Grading\1. Original Images\a. Training Set\IDRiD_221.jpg,39,0.000148773193359375,39,0.000148773193359375,3,1.1444091796875e-05,1,0.0143585205078125,0.19677734375,1,3,1.1444091796875e-05,0,0.0,0,0.00304412841796875,0.1961669921875,0,0,0.0,36,0.0001373291015625,1,0.006099700927734375,0.8916015625,6,15,5.7220458984375e-05,0,0.0,0,0.0219268798828125,0.50146484375,0,0,0.0,2
IDRiD,train,IDRiD_222,0,No DR,D:\retinaguard-ai\data\raw\IDRiD\disease_grading\B. Disease Grading\1. Original Images\a. Training Set\IDRiD_222.jpg,14,5.340576171875e-05,14,5.340576171875e-05,4,1.52587890625e-05,1,0.0142364501953125,0.1971435546875,2,3,1.1444091796875e-05,0,0.0,0,0.0030040740966796875,0.37353515625,0,0,0.0,10,3.814697265625e-05,1,0.005832672119140625,0.9228515625,3,7,2.6702880859375e-05,0,0.0,0,0.0217437744140625,0.3203125,0,0,0.0,2
IDRiD,train,IDRiD_223,0,No DR,D:\retinaguard-ai\data\raw\IDRiD\disease_grading\B. Disease Grading\1. Original Images\a. Training Set\IDRiD_223.jpg,1419,0.005413055419921875,1419,0.005413055419921875,5,1.9073486328125e-05,1,0.0164947509765625,0.1971435546875,2,3,1.1444091796875e-05,1411,0.005382537841796875,1,0.010833740234375,0.9912109375,8,693,0.002643585205078125,3,1.1444091796875e-05,1,0.0063934326171875,0.8017578125,1,3,1.1444091796875e-05,0,0.0,0,0.023773193359375,0.6220703125,0,0,0.0,3
IDRiD,train,IDRiD_224,4,Proliferative DR,D:\retinaguard-ai\data\raw\IDRiD\disease_grading\B. Disease Grading\1. Original Images\a. Training Set\IDRiD_224.jpg,20057,0.07651138305664062,20516,0.0782623291015625,496,0.00189208984375,1,0.01432037353515625,0.412109375,49,33,0.000125885009765625,1927,0.007350921630859375,1,0.00998687744140625,0.99658203125,21,320,0.001220703125,18093,0.06901931762695312,1,0.07794189453125,0.99853515625,122,9969,0.038028717041015625,0,0.0,0,0.024566650390625,0.442138671875,0,0,0.0,3
IDRiD,train,IDRiD_225,0,No DR,D:\retinaguard-ai\data\raw\IDRiD\disease_grading\B. Disease Grading\1. Original Images\a. Training Set\IDRiD_225.jpg,66,0.00025177001953125,77,0.000293731689453125,18,6.866455078125e-05,1,0.014404296875,0.245849609375,3,8,3.0517578125e-05,14,5.340576171875e-05,1,0.0031223297119140625,0.7890625,2,8,3.0517578125e-05,45,0.000171661376953125,1,0.00615692138671875,0.958984375,5,16,6.103515625e-05,0,0.0,0,0.0218963623046875,0.31982421875,0,0,0.0,3
IDRiD,train,IDRiD_226,0,No DR,D:\retinaguard-ai\data\raw\IDRiD\disease_grading\B. Disease Grading\1. Original Images\a. Training Set\IDRiD_226.jpg,3,1.1444091796875e-05,3,1.1444091796875e-05,3,1.1444091796875e-05,1,0.014190673828125,0.1971435546875,1,3,1.1444091796875e-05,0,0.0,0,0.0029735565185546875,0.10614013671875,0,0,0.0,0,0.0,0,0.005741119384765625,0.52294921875,0,0,0.0,0,0.0,0,0.021728515625,0.319091796875,0,0,0.0,1
IDRiD,train,IDRiD_227,0,No DR,D:\retinaguard-ai\data\raw\IDRiD\disease_grading\B. Disease Grading\1. Original Images\a. Training Set\IDRiD_227.jpg,3,1.1444091796875e-05,3,1.1444091796875e-05,3,1.1444091796875e-05,1,0.014251708984375,0.1971435546875,1,3,1.1444091796875e-05,0,0.0,0,0.00299072265625,0.10302734375,0,0,0.0,0,0.0,0,0.00568389892578125,0.1429443359375,0,0,0.0,0,0.0,0,0.021636962890625,0.319580078125,0,0,0.0,1
IDRiD,train,IDRiD_228,0,No DR,D:\retinaguard-ai\data\raw\IDRiD\disease_grading\B. Disease Grading\1. Original Images\a. Training Set\IDRiD_228.jpg,3,1.1444091796875e-05,3,1.1444091796875e-05,3,1.1444091796875e-05,1,0.014251708984375,0.197021484375,1,3,1.1444091796875e-05,0,0.0,0,0.0029926300048828125,0.10302734375,0,0,0.0,0,0.0,0,0.0057220458984375,0.5986328125,0,0,0.0,0,0.0,0,0.0216827392578125,0.320068359375,0,0,0.0,1
IDRiD,train,IDRiD_229,0,No DR,D:\retinaguard-ai\data\raw\IDRiD\disease_grading\B. Disease Grading\1. Original Images\a. Training Set\IDRiD_229.jpg,1392,0.00531005859375,1848,0.007049560546875,522,0.00199127197265625,1,0.01514434814453125,0.50439453125,44,38,0.00014495849609375,1325,0.005054473876953125,1,0.00783538818359375,0.99609375,36,263,0.001003265380859375,1,3.814697265625e-06,1,0.0058746337890625,0.65771484375,1,1,3.814697265625e-06,0,0.0,0,0.0221405029296875,0.456787109375,0,0,0.0,3
IDRiD,train,IDRiD_230,0,No DR,D:\retinaguard-ai\data\raw\IDRiD\disease_grading\B. Disease Grading\1. Original Images\a. Training Set\IDRiD_230.jpg,28,0.0001068115234375,32,0.0001220703125,7,2.6702880859375e-05,1,0.01433563232421875,0.1971435546875,3,3,1.1444091796875e-05,24,9.1552734375e-05,1,0.0031642913818359375,0.93212890625,1,24,9.1552734375e-05,1,3.814697265625e-06,1,0.00576019287109375,0.62744140625,1,1,3.814697265625e-06,0,0.0,0,0.022125244140625,0.3193359375,0,0,0.0,3
IDRiD,train,IDRiD_231,2,Moderate,D:\retinaguard-ai\data\raw\IDRiD\disease_grading\B. Disease Grading\1. Original Images\a. Training Set\IDRiD_231.jpg,6474,0.02469635009765625,6857,0.026157379150390625,440,0.001678466796875,1,0.01511383056640625,0.427734375,38,64,0.000244140625,585,0.002231597900390625,1,0.005126953125,0.99658203125,20,122,0.00046539306640625,4582,0.01747894287109375,1,0.025115966796875,0.9990234375,50,1006,0.00383758544921875,1250,0.00476837158203125,1,0.029022216796875,0.98583984375,5,442,0.00168609619140625,4
IDRiD,train,IDRiD_232,2,Moderate,D:\retinaguard-ai\data\raw\IDRiD\disease_grading\B. Disease Grading\1. Original Images\a. Training Set\IDRiD_232.jpg,5340,0.0203704833984375,5813,0.022174835205078125,508,0.0019378662109375,1,0.01519012451171875,0.4169921875,37,31,0.000118255615234375,1303,0.004970550537109375,1,0.007762908935546875,0.9970703125,24,183,0.000698089599609375,3680,0.0140380859375,1,0.021575927734375,0.99951171875,55,485,0.001850128173828125,322,0.00122833251953125,1,0.0248260498046875,0.98193359375,1,322,0.00122833251953125,4
IDRiD,train,IDRiD_233,0,No DR,D:\retinaguard-ai\data\raw\IDRiD\disease_grading\B. Disease Grading\1. Original Images\a. Training Set\IDRiD_233.jpg,16,6.103515625e-05,16,6.103515625e-05,3,1.1444091796875e-05,1,0.01435089111328125,0.1971435546875,1,3,1.1444091796875e-05,0,0.0,0,0.00305938720703125,0.12451171875,0,0,0.0,13,4.9591064453125e-05,1,0.005950927734375,0.96728515625,2,10,3.814697265625e-05,0,0.0,0,0.0218048095703125,0.52880859375,0,0,0.0,2
IDRiD,train,IDRiD_234,0,No DR,D:\retinaguard-ai\data\raw\IDRiD\disease_grading\B. Disease Grading\1. Original Images\a. Training Set\IDRiD_234.jpg,68,0.0002593994140625,83,0.000316619873046875,8,3.0517578125e-05,1,0.0142822265625,0.244873046875,2,5,1.9073486328125e-05,7,2.6702880859375e-05,1,0.0030345916748046875,0.876953125,1,7,2.6702880859375e-05,58,0.00022125244140625,1,0.006046295166015625,0.98046875,4,48,0.00018310546875,10,3.814697265625e-05,1,0.0221405029296875,0.826171875,1,10,3.814697265625e-05,4
IDRiD,train,IDRiD_235,0,No DR,D:\retinaguard-ai\data\raw\IDRiD\disease_grading\B. Disease Grading\1. Original Images\a. Training Set\IDRiD_235.jpg,2058,0.00785064697265625,2166,0.00826263427734375,74,0.00028228759765625,1,0.014923095703125,0.340087890625,17,29,0.000110626220703125,123,0.000469207763671875,1,0.0035247802734375,0.9580078125,5,40,0.000152587890625,1434,0.00547027587890625,1,0.01357269287109375,0.99658203125,85,70,0.00026702880859375,535,0.002040863037109375,1,0.027618408203125,0.95556640625,15,253,0.000965118408203125,4
IDRiD,train,IDRiD_236,2,Moderate,D:\retinaguard-ai\data\raw\IDRiD\disease_grading\B. Disease Grading\1. Original Images\a. Training Set\IDRiD_236.jpg,855,0.003261566162109375,880,0.00335693359375,29,0.000110626220703125,1,0.014251708984375,0.37451171875,3,25,9.5367431640625e-05,63,0.000240325927734375,1,0.0032138824462890625,0.99462890625,1,63,0.000240325927734375,788,0.0030059814453125,1,0.0089569091796875,0.99755859375,16,254,0.00096893310546875,0,0.0,0,0.0219573974609375,0.3369140625,0,0,0.0,3
IDRiD,train,IDRiD_237,2,Moderate,D:\retinaguard-ai\data\raw\IDRiD\disease_grading\B. Disease Grading\1. Original Images\a. Training Set\IDRiD_237.jpg,2551,0.009731292724609375,2673,0.010196685791015625,136,0.000518798828125,1,0.01446533203125,0.395751953125,13,42,0.00016021728515625,566,0.00215911865234375,1,0.005039215087890625,0.99658203125,5,401,0.001529693603515625,1971,0.007518768310546875,1,0.01398468017578125,0.99853515625,32,346,0.00131988525390625,0,0.0,0,0.022186279296875,0.37255859375,0,0,0.0,3
IDRiD,train,IDRiD_238,0,No DR,D:\retinaguard-ai\data\raw\IDRiD\disease_grading\B. Disease Grading\1. Original Images\a. Training Set\IDRiD_238.jpg,523,0.001995086669921875,592,0.00225830078125,61,0.000232696533203125,1,0.014678955078125,0.444091796875,10,26,9.918212890625e-05,24,9.1552734375e-05,1,0.0032138824462890625,0.96875,2,22,8.392333984375e-05,213,0.000812530517578125,1,0.007293701171875,0.98974609375,24,33,0.000125885009765625,294,0.00112152099609375,1,0.0243988037109375,0.9736328125,6,122,0.00046539306640625,4
IDRiD,train,IDRiD_239,4,Proliferative DR,D:\retinaguard-ai\data\raw\IDRiD\disease_grading\B. Disease Grading\1. Original Images\a. Training Set\IDRiD_239.jpg,47543,0.18136215209960938,49879,0.19027328491210938,2407,0.009181976318359375,1,0.025054931640625,0.475341796875,227,101,0.000385284423828125,41586,0.15863800048828125,1,0.1558837890625,0.9970703125,61,28641,0.10925674438476562,4508,0.0171966552734375,1,0.0263519287109375,0.99853515625,126,514,0.00196075439453125,1378,0.00525665283203125,1,0.02947998046875,0.9814453125,8,815,0.003108978271484375,4
IDRiD,train,IDRiD_240,4,Proliferative DR,D:\retinaguard-ai\data\raw\IDRiD\disease_grading\B. Disease Grading\1. Original Images\a. Training Set\IDRiD_240.jpg,9999,0.038143157958984375,10974,0.04186248779296875,1012,0.0038604736328125,1,0.0166778564453125,0.394775390625,112,61,0.000232696533203125,6812,0.0259857177734375,1,0.02783203125,0.99755859375,45,1158,0.00441741943359375,3150,0.01201629638671875,1,0.0197601318359375,0.99853515625,95,335,0.001277923583984375,0,0.0,0,0.0238800048828125,0.72509765625,0,0,0.0,3
IDRiD,train,IDRiD_241,2,Moderate,D:\retinaguard-ai\data\raw\IDRiD\disease_grading\B. Disease Grading\1. Original Images\a. Training Set\IDRiD_241.jpg,3027,0.011547088623046875,3325,0.012683868408203125,319,0.001216888427734375,1,0.0152740478515625,0.401611328125,31,36,0.0001373291015625,1290,0.00492095947265625,1,0.00794219970703125,0.9970703125,13,357,0.001361846923828125,1335,0.005092620849609375,1,0.01192474365234375,0.9990234375,47,415,0.001583099365234375,381,0.001453399658203125,1,0.0248260498046875,0.97314453125,7,214,0.00081634521484375,4
IDRiD,train,IDRiD_242,2,Moderate,D:\retinaguard-ai\data\raw\IDRiD\disease_grading\B. Disease Grading\1. Original Images\a. Training Set\IDRiD_242.jpg,3643,0.013896942138671875,4251,0.016216278076171875,642,0.00244903564453125,1,0.0157928466796875,0.429443359375,41,142,0.00054168701171875,1296,0.00494384765625,1,0.007579803466796875,0.99755859375,12,310,0.00118255615234375,419,0.001598358154296875,1,0.0084991455078125,0.9970703125,13,102,0.00038909912109375,1894,0.00722503662109375,1,0.031463623046875,0.984375,10,744,0.002838134765625,4
IDRiD,train,IDRiD_243,0,No DR,D:\retinaguard-ai\data\raw\IDRiD\disease_grading\B. Disease Grading\1. Original Images\a. Training Set\IDRiD_243.jpg,13,4.9591064453125e-05,13,4.9591064453125e-05,3,1.1444091796875e-05,1,0.0142364501953125,0.1971435546875,1,3,1.1444091796875e-05,0,0.0,0,0.0029888153076171875,0.10284423828125,0,0,0.0,10,3.814697265625e-05,1,0.005924224853515625,0.87841796875,2,7,2.6702880859375e-05,0,0.0,0,0.02191162109375,0.320068359375,0,0,0.0,2
IDRiD,train,IDRiD_244,0,No DR,D:\retinaguard-ai\data\raw\IDRiD\disease_grading\B. Disease Grading\1. Original Images\a. Training Set\IDRiD_244.jpg,86,0.00032806396484375,86,0.00032806396484375,3,1.1444091796875e-05,1,0.0142364501953125,0.1971435546875,1,3,1.1444091796875e-05,0,0.0,0,0.0029964447021484375,0.10284423828125,0,0,0.0,83,0.000316619873046875,1,0.006229400634765625,0.9736328125,8,17,6.4849853515625e-05,0,0.0,0,0.0217132568359375,0.61083984375,0,0,0.0,2
IDRiD,train,IDRiD_245,2,Moderate,D:\retinaguard-ai\data\raw\IDRiD\disease_grading\B. Disease Grading\1. Original Images\a. Training Set\IDRiD_245.jpg,5254,0.02004241943359375,5650,0.02155303955078125,444,0.0016937255859375,1,0.01479339599609375,0.4169921875,36,34,0.00012969970703125,1302,0.00496673583984375,1,0.00775146484375,0.998046875,24,343,0.001308441162109375,3902,0.01488494873046875,1,0.022216796875,0.99951171875,74,712,0.002716064453125,2,7.62939453125e-06,1,0.0231170654296875,0.8388671875,1,2,7.62939453125e-06,4
IDRiD,train,IDRiD_246,4,Proliferative DR,D:\retinaguard-ai\data\raw\IDRiD\disease_grading\B. Disease Grading\1. Original Images\a. Training Set\IDRiD_246.jpg,6309,0.024066925048828125,6891,0.026287078857421875,623,0.002376556396484375,1,0.01511383056640625,0.44140625,50,40,0.000152587890625,2307,0.008800506591796875,1,0.011260986328125,0.99853515625,30,288,0.0010986328125,3960,0.015106201171875,1,0.0223541259765625,0.9990234375,67,803,0.003063201904296875,1,3.814697265625e-06,1,0.023223876953125,0.76025390625,1,1,3.814697265625e-06,4
IDRiD,train,IDRiD_247,2,Moderate,D:\retinaguard-ai\data\raw\IDRiD\disease_grading\B. Disease Grading\1. Original Images\a. Training Set\IDRiD_247.jpg,4466,0.01703643798828125,4971,0.018962860107421875,530,0.00202178955078125,1,0.0159454345703125,0.39208984375,47,65,0.000247955322265625,2754,0.01050567626953125,1,0.0128936767578125,0.99853515625,17,771,0.002941131591796875,165,0.000629425048828125,1,0.0070037841796875,0.9951171875,15,27,0.000102996826171875,1522,0.00580596923828125,1,0.0288238525390625,0.982421875,4,856,0.003265380859375,4
IDRiD,train,IDRiD_248,2,Moderate,D:\retinaguard-ai\data\raw\IDRiD\disease_grading\B. Disease Grading\1. Original Images\a. Training Set\IDRiD_248.jpg,795,0.003032684326171875,951,0.003627777099609375,164,0.0006256103515625,1,0.01462554931640625,0.3955078125,19,22,8.392333984375e-05,757,0.002887725830078125,1,0.00572967529296875,0.9970703125,10,336,0.00128173828125,30,0.00011444091796875,1,0.00585174560546875,0.98193359375,4,14,5.340576171875e-05,0,0.0,0,0.022125244140625,0.404541015625,0,0,0.0,3
IDRiD,train,IDRiD_249,0,No DR,D:\retinaguard-ai\data\raw\IDRiD\disease_grading\B. Disease Grading\1. Original Images\a. Training Set\IDRiD_249.jpg,21,8.0108642578125e-05,21,8.0108642578125e-05,3,1.1444091796875e-05,1,0.0143280029296875,0.197021484375,1,3,1.1444091796875e-05,1,3.814697265625e-06,1,0.0030307769775390625,0.439697265625,1,1,3.814697265625e-06,17,6.4849853515625e-05,1,0.00585174560546875,0.98388671875,1,17,6.4849853515625e-05,0,0.0,0,0.021820068359375,0.336181640625,0,0,0.0,3
IDRiD,train,IDRiD_250,0,No DR,D:\retinaguard-ai\data\raw\IDRiD\disease_grading\B. Disease Grading\1. Original Images\a. Training Set\IDRiD_250.jpg,15,5.7220458984375e-05,16,6.103515625e-05,11,4.1961669921875e-05,1,0.0143890380859375,0.1973876953125,3,6,2.288818359375e-05,2,7.62939453125e-06,1,0.0030117034912109375,0.56005859375,1,2,7.62939453125e-06,3,1.1444091796875e-05,1,0.005859375,0.78564453125,1,3,1.1444091796875e-05,0,0.0,0,0.022247314453125,0.380126953125,0,0,0.0,3
IDRiD,train,IDRiD_251,0,No DR,D:\retinaguard-ai\data\raw\IDRiD\disease_grading\B. Disease Grading\1. Original Images\a. Training Set\IDRiD_251.jpg,411,0.001567840576171875,461,0.001758575439453125,58,0.00022125244140625,1,0.014434814453125,0.43798828125,4,36,0.0001373291015625,176,0.00067138671875,1,0.0036411285400390625,0.99169921875,1,176,0.00067138671875,119,0.000453948974609375,1,0.0067901611328125,0.99072265625,13,19,7.2479248046875e-05,108,0.0004119873046875,1,0.0227813720703125,0.9482421875,3,92,0.0003509521484375,4
IDRiD,train,IDRiD_252,2,Moderate,D:\retinaguard-ai\data\raw\IDRiD\disease_grading\B. Disease Grading\1. Original Images\a. Training Set\IDRiD_252.jpg,246,0.00093841552734375,299,0.001140594482421875,16,6.103515625e-05,1,0.01432037353515625,0.334716796875,4,9,3.4332275390625e-05,28,0.0001068115234375,1,0.003215789794921875,0.82666015625,2,19,7.2479248046875e-05,169,0.000644683837890625,1,0.006511688232421875,0.9970703125,6,53,0.000202178955078125,86,0.00032806396484375,1,0.0224761962890625,0.96533203125,3,44,0.0001678466796875,4
IDRiD,train,IDRiD_253,3,Severe,D:\retinaguard-ai\data\raw\IDRiD\disease_grading\B. Disease Grading\1. Original Images\a. Training Set\IDRiD_253.jpg,3433,0.013095855712890625,4016,0.01531982421875,657,0.002506256103515625,1,0.0158233642578125,0.471923828125,61,34,0.00012969970703125,1870,0.00713348388671875,1,0.0097198486328125,0.9970703125,32,580,0.0022125244140625,416,0.0015869140625,1,0.00814056396484375,0.99658203125,12,152,0.000579833984375,1073,0.004093170166015625,1,0.0283203125,0.978515625,9,347,0.001323699951171875,4
IDRiD,train,IDRiD_254,4,Proliferative DR,D:\retinaguard-ai\data\raw\IDRiD\disease_grading\B. Disease Grading\1. Original Images\a. Training Set\IDRiD_254.jpg,3272,0.012481689453125,3727,0.014217376708984375,489,0.001865386962890625,1,0.01480865478515625,0.47119140625,37,36,0.0001373291015625,1739,0.006633758544921875,1,0.0091705322265625,0.998046875,28,329,0.001255035400390625,1499,0.005718231201171875,1,0.012359619140625,0.998046875,41,203,0.000774383544921875,0,0.0,0,0.022705078125,0.72265625,0,0,0.0,3
IDRiD,train,IDRiD_255,0,No DR,D:\retinaguard-ai\data\raw\IDRiD\disease_grading\B. Disease Grading\1. Original Images\a. Training Set\IDRiD_255.jpg,20,7.62939453125e-05,20,7.62939453125e-05,3,1.1444091796875e-05,1,0.014404296875,0.197021484375,1,3,1.1444091796875e-05,0,0.0,0,0.0030498504638671875,0.10284423828125,0,0,0.0,17,6.4849853515625e-05,1,0.005855560302734375,0.88916015625,3,9,3.4332275390625e-05,0,0.0,0,0.02203369140625,0.320068359375,0,0,0.0,2
IDRiD,train,IDRiD_256,1,Mild,D:\retinaguard-ai\data\raw\IDRiD\disease_grading\B. Disease Grading\1. Original Images\a. Training Set\IDRiD_256.jpg,48,0.00018310546875,68,0.0002593994140625,30,0.00011444091796875,1,0.01422119140625,0.33544921875,6,13,4.9591064453125e-05,31,0.000118255615234375,1,0.0030765533447265625,0.96728515625,3,18,6.866455078125e-05,7,2.6702880859375e-05,1,0.005809783935546875,0.8818359375,1,7,2.6702880859375e-05,0,0.0,0,0.0223541259765625,0.56103515625,0,0,0.0,3
IDRiD,train,IDRiD_257,0,No DR,D:\retinaguard-ai\data\raw\IDRiD\disease_grading\B. Disease Grading\1. Original Images\a. Training Set\IDRiD_257.jpg,3,1.1444091796875e-05,3,1.1444091796875e-05,3,1.1444091796875e-05,1,0.01424407958984375,0.197021484375,1,3,1.1444091796875e-05,0,0.0,0,0.003009796142578125,0.1357421875,0,0,0.0,0,0.0,0,0.005657196044921875,0.14306640625,0,0,0.0,0,0.0,0,0.021636962890625,0.320068359375,0,0,0.0,1
IDRiD,train,IDRiD_258,0,No DR,D:\retinaguard-ai\data\raw\IDRiD\disease_grading\B. Disease Grading\1. Original Images\a. Training Set\IDRiD_258.jpg,5,1.9073486328125e-05,5,1.9073486328125e-05,5,1.9073486328125e-05,1,0.0142669677734375,0.197265625,2,3,1.1444091796875e-05,0,0.0,0,0.002960205078125,0.19677734375,0,0,0.0,0,0.0,0,0.005756378173828125,0.1429443359375,0,0,0.0,0,0.0,0,0.0220794677734375,0.43603515625,0,0,0.0,1
IDRiD,train,IDRiD_259,0,No DR,D:\retinaguard-ai\data\raw\IDRiD\disease_grading\B. Disease Grading\1. Original Images\a. Training Set\IDRiD_259.jpg,217,0.000827789306640625,236,0.0009002685546875,28,0.0001068115234375,1,0.01446533203125,0.339599609375,4,21,8.0108642578125e-05,18,6.866455078125e-05,1,0.00307464599609375,0.88037109375,1,18,6.866455078125e-05,180,0.0006866455078125,1,0.00659942626953125,0.99609375,6,109,0.000415802001953125,10,3.814697265625e-05,1,0.022216796875,0.8642578125,1,10,3.814697265625e-05,4
IDRiD,train,IDRiD_260,2,Moderate,D:\retinaguard-ai\data\raw\IDRiD\disease_grading\B. Disease Grading\1. Original Images\a. Training Set\IDRiD_260.jpg,53,0.000202178955078125,58,0.00022125244140625,9,3.4332275390625e-05,1,0.01416778564453125,0.2086181640625,4,3,1.1444091796875e-05,12,4.57763671875e-05,1,0.0030536651611328125,0.787109375,1,12,4.57763671875e-05,37,0.000141143798828125,1,0.0059051513671875,0.99267578125,3,32,0.0001220703125,0,0.0,0,0.021514892578125,0.36474609375,0,0,0.0,3
IDRiD,train,IDRiD_261,2,Moderate,D:\retinaguard-ai\data\raw\IDRiD\disease_grading\B. Disease Grading\1. Original Images\a. Training Set\IDRiD_261.jpg,635,0.002422332763671875,825,0.003147125244140625,206,0.00078582763671875,1,0.01453399658203125,0.38134765625,16,26,9.918212890625e-05,525,0.002002716064453125,1,0.0048675537109375,0.9970703125,13,175,0.000667572021484375,42,0.00016021728515625,1,0.0060272216796875,0.9716796875,3,27,0.000102996826171875,52,0.0001983642578125,1,0.022247314453125,0.9638671875,1,52,0.0001983642578125,4
IDRiD,train,IDRiD_262,2,Moderate,D:\retinaguard-ai\data\raw\IDRiD\disease_grading\B. Disease Grading\1. Original Images\a. Training Set\IDRiD_262.jpg,124,0.0004730224609375,130,0.00049591064453125,15,5.7220458984375e-05,1,0.01419830322265625,0.234619140625,3,8,3.0517578125e-05,8,3.0517578125e-05,1,0.0029697418212890625,0.7666015625,1,8,3.0517578125e-05,107,0.000408172607421875,1,0.00634765625,0.99609375,5,32,0.0001220703125,0,0.0,0,0.0225067138671875,0.50146484375,0,0,0.0,3
IDRiD,train,IDRiD_263,2,Moderate,D:\retinaguard-ai\data\raw\IDRiD\disease_grading\B. Disease Grading\1. Original Images\a. Training Set\IDRiD_263.jpg,81,0.000308990478515625,97,0.000370025634765625,22,8.392333984375e-05,1,0.01425933837890625,0.32958984375,4,16,6.103515625e-05,20,7.62939453125e-05,1,0.003025054931640625,0.95947265625,1,20,7.62939453125e-05,55,0.000209808349609375,1,0.00611114501953125,0.99658203125,4,32,0.0001220703125,0,0.0,0,0.0221710205078125,0.344970703125,0,0,0.0,3
IDRiD,train,IDRiD_264,0,No DR,D:\retinaguard-ai\data\raw\IDRiD\disease_grading\B. Disease Grading\1. Original Images\a. Training Set\IDRiD_264.jpg,505,0.001926422119140625,526,0.00200653076171875,26,9.918212890625e-05,1,0.0145263671875,0.262939453125,4,14,5.340576171875e-05,39,0.000148773193359375,1,0.0031909942626953125,0.9228515625,2,29,0.000110626220703125,460,0.0017547607421875,1,0.008331298828125,0.99462890625,35,44,0.0001678466796875,1,3.814697265625e-06,1,0.0230560302734375,0.7607421875,1,1,3.814697265625e-06,4
IDRiD,train,IDRiD_265,1,Mild,D:\retinaguard-ai\data\raw\IDRiD\disease_grading\B. Disease Grading\1. Original Images\a. Training Set\IDRiD_265.jpg,33,0.000125885009765625,42,0.00016021728515625,15,5.7220458984375e-05,1,0.01416778564453125,0.1971435546875,3,10,3.814697265625e-05,17,6.4849853515625e-05,1,0.0030269622802734375,0.72802734375,2,15,5.7220458984375e-05,10,3.814697265625e-05,1,0.00571441650390625,0.955078125,1,10,3.814697265625e-05,0,0.0,0,0.0217132568359375,0.31982421875,0,0,0.0,3
IDRiD,train,IDRiD_266,1,Mild,D:\retinaguard-ai\data\raw\IDRiD\disease_grading\B. Disease Grading\1. Original Images\a. Training Set\IDRiD_266.jpg,13,4.9591064453125e-05,13,4.9591064453125e-05,6,2.288818359375e-05,1,0.01416015625,0.197265625,3,3,1.1444091796875e-05,0,0.0,0,0.00295257568359375,0.10302734375,0,0,0.0,7,2.6702880859375e-05,1,0.0057525634765625,0.9267578125,1,7,2.6702880859375e-05,0,0.0,0,0.021728515625,0.351318359375,0,0,0.0,2
IDRiD,train,IDRiD_267,0,No DR,D:\retinaguard-ai\data\raw\IDRiD\disease_grading\B. Disease Grading\1. Original Images\a. Training Set\IDRiD_267.jpg,1577,0.006015777587890625,1679,0.006404876708984375,54,0.00020599365234375,1,0.01471710205078125,0.317138671875,8,16,6.103515625e-05,28,0.0001068115234375,1,0.003204345703125,0.9052734375,3,17,6.4849853515625e-05,1356,0.0051727294921875,1,0.01264190673828125,0.99609375,67,142,0.00054168701171875,241,0.000919342041015625,1,0.0251312255859375,0.978515625,4,124,0.0004730224609375,4
IDRiD,train,IDRiD_268,0,No DR,D:\retinaguard-ai\data\raw\IDRiD\disease_grading\B. Disease Grading\1. Original Images\a. Training Set\IDRiD_268.jpg,3,1.1444091796875e-05,3,1.1444091796875e-05,3,1.1444091796875e-05,1,0.01409912109375,0.1971435546875,1,3,1.1444091796875e-05,0,0.0,0,0.0029506683349609375,0.2861328125,0,0,0.0,0,0.0,0,0.005687713623046875,0.322021484375,0,0,0.0,0,0.0,0,0.0216217041015625,0.320068359375,0,0,0.0,1
IDRiD,train,IDRiD_269,3,Severe,D:\retinaguard-ai\data\raw\IDRiD\disease_grading\B. Disease Grading\1. Original Images\a. Training Set\IDRiD_269.jpg,777,0.002964019775390625,942,0.00359344482421875,177,0.000675201416015625,1,0.01458740234375,0.330078125,20,27,0.000102996826171875,717,0.002735137939453125,1,0.005580902099609375,0.99609375,11,234,0.00089263916015625,3,1.1444091796875e-05,1,0.005779266357421875,0.7236328125,1,3,1.1444091796875e-05,45,0.000171661376953125,1,0.0221099853515625,0.947265625,1,45,0.000171661376953125,4
IDRiD,train,IDRiD_270,2,Moderate,D:\retinaguard-ai\data\raw\IDRiD\disease_grading\B. Disease Grading\1. Original Images\a. Training Set\IDRiD_270.jpg,26,9.918212890625e-05,42,0.00016021728515625,20,7.62939453125e-05,1,0.0141754150390625,0.392578125,2,17,6.4849853515625e-05,22,8.392333984375e-05,1,0.003047943115234375,0.9765625,1,22,8.392333984375e-05,0,0.0,0,0.005649566650390625,0.269287109375,0,0,0.0,0,0.0,0,0.021514892578125,0.320068359375,0,0,0.0,2
IDRiD,train,IDRiD_271,3,Severe,D:\retinaguard-ai\data\raw\IDRiD\disease_grading\B. Disease Grading\1. Original Images\a. Training Set\IDRiD_271.jpg,7282,0.02777862548828125,8564,0.0326690673828125,1382,0.00527191162109375,1,0.017181396484375,0.482421875,143,47,0.000179290771484375,5531,0.021099090576171875,1,0.0229339599609375,0.99853515625,61,1090,0.00415802001953125,231,0.000881195068359375,1,0.007720947265625,0.99853515625,16,47,0.000179290771484375,1420,0.0054168701171875,1,0.0296173095703125,0.98681640625,9,482,0.00183868408203125,4
IDRiD,train,IDRiD_272,4,Proliferative DR,D:\retinaguard-ai\data\raw\IDRiD\disease_grading\B. Disease Grading\1. Original Images\a. Training Set\IDRiD_272.jpg,9048,0.034515380859375,10492,0.0400238037109375,1530,0.00583648681640625,1,0.0173492431640625,0.45849609375,137,51,0.000194549560546875,7887,0.030086517333984375,1,0.031707763671875,0.998046875,78,1105,0.004215240478515625,865,0.003299713134765625,1,0.01033782958984375,0.998046875,53,49,0.000186920166015625,210,0.00080108642578125,1,0.0240936279296875,0.9833984375,1,210,0.00080108642578125,4
IDRiD,train,IDRiD_273,0,No DR,D:\retinaguard-ai\data\raw\IDRiD\disease_grading\B. Disease Grading\1. Original Images\a. Training Set\IDRiD_273.jpg,3,1.1444091796875e-05,3,1.1444091796875e-05,3,1.1444091796875e-05,1,0.01430511474609375,0.197021484375,1,3,1.1444091796875e-05,0,0.0,0,0.00299835205078125,0.10284423828125,0,0,0.0,0,0.0,0,0.005733489990234375,0.54248046875,0,0,0.0,0,0.0,0,0.021575927734375,0.59423828125,0,0,0.0,1
IDRiD,train,IDRiD_274,0,No DR,D:\retinaguard-ai\data\raw\IDRiD\disease_grading\B. Disease Grading\1. Original Images\a. Training Set\IDRiD_274.jpg,133,0.000507354736328125,167,0.000637054443359375,40,0.000152587890625,1,0.015045166015625,0.2325439453125,6,31,0.000118255615234375,46,0.00017547607421875,1,0.003742218017578125,0.7548828125,6,16,6.103515625e-05,0,0.0,0,0.005687713623046875,0.375732421875,0,0,0.0,81,0.000308990478515625,1,0.0242919921875,0.9736328125,1,81,0.000308990478515625,3
IDRiD,train,IDRiD_275,0,No DR,D:\retinaguard-ai\data\raw\IDRiD\disease_grading\B. Disease Grading\1. Original Images\a. Training Set\IDRiD_275.jpg,107,0.000408172607421875,129,0.000492095947265625,29,0.000110626220703125,1,0.0142669677734375,0.254150390625,4,20,7.62939453125e-05,42,0.00016021728515625,1,0.003139495849609375,0.955078125,2,39,0.000148773193359375,58,0.00022125244140625,1,0.006137847900390625,0.96240234375,4,22,8.392333984375e-05,0,0.0,0,0.0217437744140625,0.31982421875,0,0,0.0,3
IDRiD,train,IDRiD_276,0,No DR,D:\retinaguard-ai\data\raw\IDRiD\disease_grading\B. Disease Grading\1. Original Images\a. Training Set\IDRiD_276.jpg,22,8.392333984375e-05,23,8.7738037109375e-05,3,1.1444091796875e-05,1,0.01435089111328125,0.1971435546875,1,3,1.1444091796875e-05,2,7.62939453125e-06,1,0.0030670166015625,0.5146484375,1,2,7.62939453125e-06,14,5.340576171875e-05,1,0.00589752197265625,0.94384765625,3,7,2.6702880859375e-05,4,1.52587890625e-05,1,0.02197265625,0.7841796875,1,4,1.52587890625e-05,4
IDRiD,train,IDRiD_277,3,Severe,D:\retinaguard-ai\data\raw\IDRiD\disease_grading\B. Disease Grading\1. Original Images\a. Training Set\IDRiD_277.jpg,9535,0.036373138427734375,10427,0.039775848388671875,925,0.003528594970703125,1,0.0170745849609375,0.39599609375,103,43,0.000164031982421875,8957,0.034168243408203125,1,0.035369873046875,0.998046875,30,2858,0.01090240478515625,545,0.002079010009765625,1,0.00830841064453125,0.99755859375,21,208,0.00079345703125,0,0.0,0,0.022064208984375,0.6787109375,0,0,0.0,3
IDRiD,train,IDRiD_278,3,Severe,D:\retinaguard-ai\data\raw\IDRiD\disease_grading\B. Disease Grading\1. Original Images\a. Training Set\IDRiD_278.jpg,4736,0.01806640625,5570,0.02124786376953125,861,0.003284454345703125,1,0.0159912109375,0.416015625,70,80,0.00030517578125,3697,0.014102935791015625,1,0.0162811279296875,0.99658203125,30,699,0.002666473388671875,333,0.001270294189453125,1,0.00768280029296875,0.99853515625,16,147,0.000560760498046875,679,0.002590179443359375,1,0.025177001953125,0.98583984375,2,519,0.001979827880859375,4
IDRiD,train,IDRiD_279,1,Mild,D:\retinaguard-ai\data\raw\IDRiD\disease_grading\B. Disease Grading\1. Original Images\a. Training Set\IDRiD_279.jpg,294,0.00112152099609375,370,0.00141143798828125,85,0.000324249267578125,1,0.0142974853515625,0.30224609375,7,23,8.7738037109375e-05,283,0.001079559326171875,1,0.0040130615234375,0.99267578125,5,107,0.000408172607421875,2,7.62939453125e-06,1,0.005809783935546875,0.72412109375,1,2,7.62939453125e-06,0,0.0,0,0.0217742919921875,0.315185546875,0,0,0.0,3
IDRiD,train,IDRiD_280,2,Moderate,D:\retinaguard-ai\data\raw\IDRiD\disease_grading\B. Disease Grading\1. Original Images\a. Training Set\IDRiD_280.jpg,1151,0.004390716552734375,1301,0.004962921142578125,161,0.000614166259765625,1,0.01458740234375,0.40625,10,41,0.000156402587890625,1091,0.004161834716796875,1,0.00698089599609375,0.9970703125,7,524,0.0019989013671875,49,0.000186920166015625,1,0.006031036376953125,0.99365234375,5,25,9.5367431640625e-05,0,0.0,0,0.021942138671875,0.44775390625,0,0,0.0,3
IDRiD,train,IDRiD_281,2,Moderate,D:\retinaguard-ai\data\raw\IDRiD\disease_grading\B. Disease Grading\1. Original Images\a. Training Set\IDRiD_281.jpg,1697,0.006473541259765625,1860,0.0070953369140625,192,0.000732421875,1,0.01447296142578125,0.396240234375,14,54,0.00020599365234375,1114,0.00424957275390625,1,0.006961822509765625,0.99609375,6,455,0.001735687255859375,554,0.00211334228515625,1,0.00803375244140625,0.99755859375,12,146,0.00055694580078125,0,0.0,0,0.02197265625,0.3623046875,0,0,0.0,3
IDRiD,train,IDRiD_282,2,Moderate,D:\retinaguard-ai\data\raw\IDRiD\disease_grading\B. Disease Grading\1. Original Images\a. Training Set\IDRiD_282.jpg,187,0.000713348388671875,218,0.00083160400390625,40,0.000152587890625,1,0.014312744140625,0.36376953125,5,23,8.7738037109375e-05,57,0.000217437744140625,1,0.00316619873046875,0.9931640625,2,46,0.00017547607421875,121,0.000461578369140625,1,0.006366729736328125,0.9990234375,5,45,0.000171661376953125,0,0.0,0,0.0220794677734375,0.54931640625,0,0,0.0,3
IDRiD,train,IDRiD_283,2,Moderate,D:\retinaguard-ai\data\raw\IDRiD\disease_grading\B. Disease Grading\1. Original Images\a. Training Set\IDRiD_283.jpg,131,0.000499725341796875,154,0.00058746337890625,28,0.0001068115234375,1,0.01416778564453125,0.2880859375,4,9,3.4332275390625e-05,35,0.000133514404296875,1,0.00307464599609375,0.947265625,3,18,6.866455078125e-05,91,0.000347137451171875,1,0.00612640380859375,0.99560546875,5,55,0.000209808349609375,0,0.0,0,0.0218048095703125,0.67431640625,0,0,0.0,3
IDRiD,train,IDRiD_284,2,Moderate,D:\retinaguard-ai\data\raw\IDRiD\disease_grading\B. Disease Grading\1. Original Images\a. Training Set\IDRiD_284.jpg,403,0.001537322998046875,406,0.00154876708984375,8,3.0517578125e-05,1,0.0141143798828125,0.204345703125,2,5,1.9073486328125e-05,3,1.1444091796875e-05,1,0.0029773712158203125,0.61572265625,1,3,1.1444091796875e-05,395,0.001506805419921875,1,0.007480621337890625,0.99853515625,18,77,0.000293731689453125,0,0.0,0,0.0218658447265625,0.464111328125,0,0,0.0,3
IDRiD,train,IDRiD_285,4,Proliferative DR,D:\retinaguard-ai\data\raw\IDRiD\disease_grading\B. Disease Grading\1. Original Images\a. Training Set\IDRiD_285.jpg,2956,0.0112762451171875,3380,0.0128936767578125,437,0.001667022705078125,1,0.01520538330078125,0.5341796875,55,43,0.000164031982421875,1594,0.00608062744140625,1,0.0088043212890625,0.99755859375,36,256,0.0009765625,1156,0.0044097900390625,1,0.01200103759765625,0.9970703125,69,138,0.00052642822265625,193,0.000736236572265625,1,0.02496337890625,0.951171875,6,87,0.000331878662109375,4
IDRiD,train,IDRiD_286,4,Proliferative DR,D:\retinaguard-ai\data\raw\IDRiD\disease_grading\B. Disease Grading\1. Original Images\a. Training Set\IDRiD_286.jpg,3552,0.0135498046875,4242,0.01618194580078125,684,0.0026092529296875,1,0.015869140625,0.42529296875,70,34,0.00012969970703125,2520,0.009613037109375,1,0.01209259033203125,0.9970703125,44,348,0.0013275146484375,491,0.001873016357421875,1,0.00875091552734375,0.99462890625,34,47,0.000179290771484375,547,0.002086639404296875,1,0.026092529296875,0.97607421875,7,326,0.00124359130859375,4
IDRiD,train,IDRiD_287,0,No DR,D:\retinaguard-ai\data\raw\IDRiD\disease_grading\B. Disease Grading\1. Original Images\a. Training Set\IDRiD_287.jpg,11,4.1961669921875e-05,11,4.1961669921875e-05,3,1.1444091796875e-05,1,0.01418304443359375,0.197265625,1,3,1.1444091796875e-05,0,0.0,0,0.0029735565185546875,0.2919921875,0,0,0.0,8,3.0517578125e-05,1,0.005725860595703125,0.94384765625,1,8,3.0517578125e-05,0,0.0,0,0.02166748046875,0.32763671875,0,0,0.0,2
IDRiD,train,IDRiD_288,0,No DR,D:\retinaguard-ai\data\raw\IDRiD\disease_grading\B. Disease Grading\1. Original Images\a. Training Set\IDRiD_288.jpg,12,4.57763671875e-05,12,4.57763671875e-05,3,1.1444091796875e-05,1,0.01412200927734375,0.197021484375,1,3,1.1444091796875e-05,0,0.0,0,0.002960205078125,0.10302734375,0,0,0.0,9,3.4332275390625e-05,1,0.005767822265625,0.890625,2,8,3.0517578125e-05,0,0.0,0,0.0215911865234375,0.344970703125,0,0,0.0,2
IDRiD,train,IDRiD_289,4,Proliferative DR,D:\retinaguard-ai\data\raw\IDRiD\disease_grading\B. Disease Grading\1. Original Images\a. Training Set\IDRiD_289.jpg,5111,0.019496917724609375,6020,0.0229644775390625,995,0.003795623779296875,1,0.0164642333984375,0.478759765625,85,99,0.000377655029296875,4025,0.015354156494140625,1,0.0175018310546875,0.9970703125,40,989,0.003772735595703125,235,0.000896453857421875,1,0.0072174072265625,0.99267578125,6,119,0.000453948974609375,765,0.002918243408203125,1,0.026824951171875,0.97900390625,5,398,0.00151824951171875,4
IDRiD,train,IDRiD_290,1,Mild,D:\retinaguard-ai\data\raw\IDRiD\disease_grading\B. Disease Grading\1. Original Images\a. Training Set\IDRiD_290.jpg,77,0.000293731689453125,81,0.000308990478515625,6,2.288818359375e-05,1,0.01422882080078125,0.197021484375,4,3,1.1444091796875e-05,0,0.0,0,0.002986907958984375,0.10284423828125,0,0,0.0,53,0.000202178955078125,1,0.00603485107421875,0.99462890625,3,28,0.0001068115234375,22,8.392333984375e-05,1,0.021820068359375,0.927734375,1,22,8.392333984375e-05,3
IDRiD,train,IDRiD_291,1,Mild,D:\retinaguard-ai\data\raw\IDRiD\disease_grading\B. Disease Grading\1. Original Images\a. Training Set\IDRiD_291.jpg,136,0.000518798828125,154,0.00058746337890625,16,6.103515625e-05,1,0.01427459716796875,0.2286376953125,4,11,4.1961669921875e-05,12,4.57763671875e-05,1,0.0030460357666015625,0.82421875,1,12,4.57763671875e-05,58,0.00022125244140625,1,0.006114959716796875,0.97705078125,6,28,0.0001068115234375,68,0.0002593994140625,1,0.022491455078125,0.9677734375,1,68,0.0002593994140625,4
IDRiD,train,IDRiD_292,0,No DR,D:\retinaguard-ai\data\raw\IDRiD\disease_grading\B. Disease Grading\1. Original Images\a. Training Set\IDRiD_292.jpg,215,0.000820159912109375,216,0.000823974609375,3,1.1444091796875e-05,1,0.01428985595703125,0.197265625,1,3,1.1444091796875e-05,0,0.0,0,0.002986907958984375,0.2188720703125,0,0,0.0,212,0.0008087158203125,1,0.007080078125,0.9931640625,18,46,0.00017547607421875,1,3.814697265625e-06,1,0.0224761962890625,0.7509765625,1,1,3.814697265625e-06,3
IDRiD,train,IDRiD_293,2,Moderate,D:\retinaguard-ai\data\raw\IDRiD\disease_grading\B. Disease Grading\1. Original Images\a. Training Set\IDRiD_293.jpg,351,0.001338958740234375,351,0.001338958740234375,6,2.288818359375e-05,1,0.01418304443359375,0.197265625,3,3,1.1444091796875e-05,0,0.0,0,0.0029697418212890625,0.10302734375,0,0,0.0,345,0.001316070556640625,1,0.00713348388671875,0.998046875,8,153,0.000583648681640625,0,0.0,0,0.022064208984375,0.40869140625,0,0,0.0,2
IDRiD,train,IDRiD_294,2,Moderate,D:\retinaguard-ai\data\raw\IDRiD\disease_grading\B. Disease Grading\1. Original Images\a. Training Set\IDRiD_294.jpg,1249,0.004764556884765625,1249,0.004764556884765625,3,1.1444091796875e-05,1,0.0141754150390625,0.1971435546875,1,3,1.1444091796875e-05,0,0.0,0,0.00298309326171875,0.10302734375,0,0,0.0,1246,0.00475311279296875,1,0.01093292236328125,0.9990234375,18,377,0.001438140869140625,0,0.0,0,0.02197265625,0.525390625,0,0,0.0,2
IDRiD,train,IDRiD_295,0,No DR,D:\retinaguard-ai\data\raw\IDRiD\disease_grading\B. Disease Grading\1. Original Images\a. Training Set\IDRiD_295.jpg,85,0.000324249267578125,85,0.000324249267578125,3,1.1444091796875e-05,1,0.01427459716796875,0.1971435546875,1,3,1.1444091796875e-05,0,0.0,0,0.0030078887939453125,0.10284423828125,0,0,0.0,82,0.00031280517578125,1,0.006275177001953125,0.97998046875,10,20,7.62939453125e-05,0,0.0,0,0.0218658447265625,0.61279296875,0,0,0.0,2
IDRiD,train,IDRiD_296,3,Severe,D:\retinaguard-ai\data\raw\IDRiD\disease_grading\B. Disease Grading\1. Original Images\a. Training Set\IDRiD_296.jpg,8390,0.03200531005859375,9008,0.03436279296875,638,0.00243377685546875,1,0.01611328125,0.348876953125,75,44,0.0001678466796875,4091,0.015605926513671875,1,0.01800537109375,0.99560546875,37,616,0.002349853515625,4265,0.016269683837890625,1,0.02337646484375,0.99853515625,61,2310,0.00881195068359375,14,5.340576171875e-05,1,0.0241241455078125,0.91796875,2,12,4.57763671875e-05,4
IDRiD,train,IDRiD_297,0,No DR,D:\retinaguard-ai\data\raw\IDRiD\disease_grading\B. Disease Grading\1. Original Images\a. Training Set\IDRiD_297.jpg,48,0.00018310546875,66,0.00025177001953125,25,9.5367431640625e-05,1,0.01422119140625,0.321044921875,3,16,6.103515625e-05,28,0.0001068115234375,1,0.003078460693359375,0.88671875,2,16,6.103515625e-05,13,4.9591064453125e-05,1,0.005916595458984375,0.90283203125,2,7,2.6702880859375e-05,0,0.0,0,0.021728515625,0.638671875,0,0,0.0,3
IDRiD,train,IDRiD_298,0,No DR,D:\retinaguard-ai\data\raw\IDRiD\disease_grading\B. Disease Grading\1. Original Images\a. Training Set\IDRiD_298.jpg,252,0.0009613037109375,283,0.001079559326171875,36,0.0001373291015625,1,0.0145416259765625,0.271484375,4,27,0.000102996826171875,170,0.00064849853515625,1,0.003753662109375,0.9931640625,1,170,0.00064849853515625,77,0.000293731689453125,1,0.00627899169921875,0.98876953125,6,33,0.000125885009765625,0,0.0,0,0.0222320556640625,0.57470703125,0,0,0.0,3
IDRiD,train,IDRiD_299,3,Severe,D:\retinaguard-ai\data\raw\IDRiD\disease_grading\B. Disease Grading\1. Original Images\a. Training Set\IDRiD_299.jpg,2600,0.009918212890625,3071,0.011714935302734375,497,0.001895904541015625,1,0.01531982421875,0.379638671875,37,61,0.000232696533203125,2061,0.007862091064453125,1,0.0105133056640625,0.99658203125,21,393,0.001499176025390625,83,0.000316619873046875,1,0.006587982177734375,0.99658203125,9,27,0.000102996826171875,430,0.00164031982421875,1,0.0248870849609375,0.97705078125,4,264,0.001007080078125,4
IDRiD,train,IDRiD_300,2,Moderate,D:\retinaguard-ai\data\raw\IDRiD\disease_grading\B. Disease Grading\1. Original Images\a. Training Set\IDRiD_300.jpg,553,0.002109527587890625,596,0.0022735595703125,47,0.000179290771484375,1,0.01416778564453125,0.355224609375,3,24,9.1552734375e-05,158,0.00060272216796875,1,0.0035533905029296875,0.99560546875,2,92,0.0003509521484375,391,0.001491546630859375,1,0.007541656494140625,0.99755859375,18,68,0.0002593994140625,0,0.0,0,0.021820068359375,0.391357421875,0,0,0.0,3
IDRiD,train,IDRiD_301,1,Mild,D:\retinaguard-ai\data\raw\IDRiD\disease_grading\B. Disease Grading\1. Original Images\a. Training Set\IDRiD_301.jpg,38,0.00014495849609375,62,0.00023651123046875,29,0.000110626220703125,1,0.01412200927734375,0.350341796875,3,21,8.0108642578125e-05,33,0.000125885009765625,1,0.003070831298828125,0.96728515625,2,27,0.000102996826171875,0,0.0,0,0.005645751953125,0.143310546875,0,0,0.0,0,0.0,0,0.02154541015625,0.319580078125,0,0,0.0,2
IDRiD,train,IDRiD_302,1,Mild,D:\retinaguard-ai\data\raw\IDRiD\disease_grading\B. Disease Grading\1. Original Images\a. Training Set\IDRiD_302.jpg,60,0.0002288818359375,83,0.000316619873046875,26,9.918212890625e-05,1,0.014251708984375,0.2139892578125,3,21,8.0108642578125e-05,57,0.000217437744140625,1,0.0031890869140625,0.9833984375,2,55,0.000209808349609375,0,0.0,0,0.0056915283203125,0.1427001953125,0,0,0.0,0,0.0,0,0.021575927734375,0.320068359375,0,0,0.0,2
IDRiD,train,IDRiD_303,2,Moderate,D:\retinaguard-ai\data\raw\IDRiD\disease_grading\B. Disease Grading\1. Original Images\a. Training Set\IDRiD_303.jpg,743,0.002834320068359375,803,0.003063201904296875,67,0.000255584716796875,1,0.01432037353515625,0.348388671875,11,17,6.4849853515625e-05,700,0.0026702880859375,1,0.005481719970703125,0.998046875,3,551,0.002101898193359375,30,0.00011444091796875,1,0.005817413330078125,0.98779296875,3,13,4.9591064453125e-05,6,2.288818359375e-05,1,0.0220794677734375,0.83349609375,1,6,2.288818359375e-05,4
IDRiD,train,IDRiD_304,1,Mild,D:\retinaguard-ai\data\raw\IDRiD\disease_grading\B. Disease Grading\1. Original Images\a. Training Set\IDRiD_304.jpg,295,0.001125335693359375,355,0.001354217529296875,69,0.000263214111328125,1,0.0142822265625,0.363525390625,4,36,0.0001373291015625,286,0.00109100341796875,1,0.004001617431640625,0.9931640625,3,237,0.000904083251953125,0,0.0,0,0.005664825439453125,0.5634765625,0,0,0.0,0,0.0,0,0.0216522216796875,0.31982421875,0,0,0.0,2
IDRiD,train,IDRiD_305,0,No DR,D:\retinaguard-ai\data\raw\IDRiD\disease_grading\B. Disease Grading\1. Original Images\a. Training Set\IDRiD_305.jpg,264,0.001007080078125,275,0.001049041748046875,15,5.7220458984375e-05,1,0.014251708984375,0.26953125,3,7,2.6702880859375e-05,11,4.1961669921875e-05,1,0.00304412841796875,0.77001953125,2,6,2.288818359375e-05,240,0.00091552734375,1,0.007183074951171875,0.99169921875,23,40,0.000152587890625,9,3.4332275390625e-05,1,0.02215576171875,0.86767578125,2,7,2.6702880859375e-05,4
IDRiD,train,IDRiD_306,3,Severe,D:\retinaguard-ai\data\raw\IDRiD\disease_grading\B. Disease Grading\1. Original Images\a. Training Set\IDRiD_306.jpg,7307,0.027873992919921875,8406,0.03206634521484375,1176,0.004486083984375,1,0.01702880859375,0.437744140625,111,151,0.000576019287109375,4518,0.01723480224609375,1,0.0193939208984375,0.9970703125,39,651,0.002483367919921875,508,0.0019378662109375,1,0.0087738037109375,0.99853515625,14,106,0.00040435791015625,2204,0.0084075927734375,1,0.03155517578125,0.98583984375,5,941,0.003589630126953125,4
IDRiD,train,IDRiD_307,0,No DR,D:\retinaguard-ai\data\raw\IDRiD\disease_grading\B. Disease Grading\1. Original Images\a. Training Set\IDRiD_307.jpg,24,9.1552734375e-05,28,0.0001068115234375,9,3.4332275390625e-05,1,0.01419830322265625,0.2161865234375,2,6,2.288818359375e-05,8,3.0517578125e-05,1,0.002986907958984375,0.78076171875,1,8,3.0517578125e-05,11,4.1961669921875e-05,1,0.005802154541015625,0.873046875,2,6,2.288818359375e-05,0,0.0,0,0.0217437744140625,0.396240234375,0,0,0.0,3
IDRiD,train,IDRiD_308,3,Severe,D:\retinaguard-ai\data\raw\IDRiD\disease_grading\B. Disease Grading\1. Original Images\a. Training Set\IDRiD_308.jpg,10066,0.03839874267578125,11004,0.0419769287109375,1058,0.00403594970703125,1,0.0160980224609375,0.47509765625,87,142,0.00054168701171875,4228,0.0161285400390625,1,0.018310546875,0.99755859375,28,957,0.003650665283203125,4795,0.018291473388671875,1,0.02630615234375,0.9990234375,85,898,0.00342559814453125,923,0.003520965576171875,1,0.027130126953125,0.98193359375,1,923,0.003520965576171875,4
IDRiD,train,IDRiD_309,3,Severe,D:\retinaguard-ai\data\raw\IDRiD\disease_grading\B. Disease Grading\1. Original Images\a. Training Set\IDRiD_309.jpg,8872,0.033843994140625,9167,0.034969329833984375,316,0.0012054443359375,1,0.01445770263671875,0.39697265625,35,26,9.918212890625e-05,1741,0.006641387939453125,1,0.0093536376953125,0.998046875,18,249,0.000949859619140625,7108,0.0271148681640625,1,0.034881591796875,0.9990234375,99,1143,0.004360198974609375,2,7.62939453125e-06,1,0.0236358642578125,0.798828125,1,2,7.62939453125e-06,4
IDRiD,train,IDRiD_310,2,Moderate,D:\retinaguard-ai\data\raw\IDRiD\disease_grading\B. Disease Grading\1. Original Images\a. Training Set\IDRiD_310.jpg,3678,0.01403045654296875,4094,0.01561737060546875,442,0.00168609619140625,1,0.0157318115234375,0.408935546875,47,41,0.000156402587890625,1441,0.005496978759765625,1,0.0081939697265625,0.99658203125,13,429,0.001636505126953125,376,0.001434326171875,1,0.00823211669921875,0.994140625,25,63,0.000240325927734375,1835,0.006999969482421875,1,0.0312042236328125,0.98046875,7,965,0.003681182861328125,4
IDRiD,train,IDRiD_311,2,Moderate,D:\retinaguard-ai\data\raw\IDRiD\disease_grading\B. Disease Grading\1. Original Images\a. Training Set\IDRiD_311.jpg,307,0.001171112060546875,393,0.001499176025390625,100,0.0003814697265625,1,0.014495849609375,0.407470703125,9,22,8.392333984375e-05,119,0.000453948974609375,1,0.00339508056640625,0.99169921875,4,52,0.0001983642578125,0,0.0,0,0.0059051513671875,0.49609375,0,0,0.0,174,0.00066375732421875,1,0.0233001708984375,0.9755859375,4,113,0.000431060791015625,3
IDRiD,train,IDRiD_312,0,No DR,D:\retinaguard-ai\data\raw\IDRiD\disease_grading\B. Disease Grading\1. Original Images\a. Training Set\IDRiD_312.jpg,10,3.814697265625e-05,10,3.814697265625e-05,3,1.1444091796875e-05,1,0.0143280029296875,0.197021484375,1,3,1.1444091796875e-05,0,0.0,0,0.003040313720703125,0.2247314453125,0,0,0.0,7,2.6702880859375e-05,1,0.0058135986328125,0.76904296875,1,7,2.6702880859375e-05,0,0.0,0,0.0219879150390625,0.489990234375,0,0,0.0,2
IDRiD,train,IDRiD_313,4,Proliferative DR,D:\retinaguard-ai\data\raw\IDRiD\disease_grading\B. Disease Grading\1. Original Images\a. Training Set\IDRiD_313.jpg,2807,0.010707855224609375,3122,0.01190948486328125,331,0.001262664794921875,1,0.01483154296875,0.43896484375,30,48,0.00018310546875,1095,0.004177093505859375,1,0.00699615478515625,0.9951171875,18,312,0.001190185546875,1510,0.00576019287109375,1,0.01239776611328125,0.99853515625,27,266,0.00101470947265625,186,0.00070953369140625,1,0.023956298828125,0.97802734375,2,103,0.000392913818359375,4
IDRiD,train,IDRiD_314,3,Severe,D:\retinaguard-ai\data\raw\IDRiD\disease_grading\B. Disease Grading\1. Original Images\a. Training Set\IDRiD_314.jpg,1767,0.006740570068359375,2261,0.008625030517578125,521,0.001987457275390625,1,0.01507568359375,0.4423828125,37,70,0.00026702880859375,1020,0.0038909912109375,1,0.006641387939453125,0.99658203125,25,132,0.0005035400390625,286,0.00109100341796875,1,0.007488250732421875,0.99560546875,11,96,0.0003662109375,434,0.00165557861328125,1,0.0257720947265625,0.98046875,13,265,0.001010894775390625,4
IDRiD,train,IDRiD_315,0,No DR,D:\retinaguard-ai\data\raw\IDRiD\disease_grading\B. Disease Grading\1. Original Images\a. Training Set\IDRiD_315.jpg,3,1.1444091796875e-05,3,1.1444091796875e-05,3,1.1444091796875e-05,1,0.0142669677734375,0.1971435546875,1,3,1.1444091796875e-05,0,0.0,0,0.0030040740966796875,0.10302734375,0,0,0.0,0,0.0,0,0.00576019287109375,0.50341796875,0,0,0.0,0,0.0,0,0.0216827392578125,0.319580078125,0,0,0.0,1
IDRiD,train,IDRiD_316,0,No DR,D:\retinaguard-ai\data\raw\IDRiD\disease_grading\B. Disease Grading\1. Original Images\a. Training Set\IDRiD_316.jpg,4,1.52587890625e-05,4,1.52587890625e-05,4,1.52587890625e-05,1,0.0141448974609375,0.1976318359375,2,3,1.1444091796875e-05,0,0.0,0,0.0029392242431640625,0.10284423828125,0,0,0.0,0,0.0,0,0.005680084228515625,0.1427001953125,0,0,0.0,0,0.0,0,0.021820068359375,0.340087890625,0,0,0.0,1
IDRiD,train,IDRiD_317,0,No DR,D:\retinaguard-ai\data\raw\IDRiD\disease_grading\B. Disease Grading\1. Original Images\a. Training Set\IDRiD_317.jpg,3,1.1444091796875e-05,3,1.1444091796875e-05,3,1.1444091796875e-05,1,0.0141448974609375,0.1971435546875,1,3,1.1444091796875e-05,0,0.0,0,0.0029811859130859375,0.34912109375,0,0,0.0,0,0.0,0,0.00569915771484375,0.1427001953125,0,0,0.0,0,0.0,0,0.021575927734375,0.320068359375,0,0,0.0,1
IDRiD,train,IDRiD_318,0,No DR,D:\retinaguard-ai\data\raw\IDRiD\disease_grading\B. Disease Grading\1. Original Images\a. Training Set\IDRiD_318.jpg,9,3.4332275390625e-05,9,3.4332275390625e-05,6,2.288818359375e-05,1,0.01424407958984375,0.1971435546875,3,3,1.1444091796875e-05,3,1.1444091796875e-05,1,0.0030269622802734375,0.51318359375,1,3,1.1444091796875e-05,0,0.0,0,0.0057373046875,0.365234375,0,0,0.0,0,0.0,0,0.0216522216796875,0.320068359375,0,0,0.0,2
IDRiD,train,IDRiD_319,2,Moderate,D:\retinaguard-ai\data\raw\IDRiD\disease_grading\B. Disease Grading\1. Original Images\a. Training Set\IDRiD_319.jpg,706,0.00269317626953125,738,0.00281524658203125,44,0.0001678466796875,1,0.01421356201171875,0.295166015625,4,22,8.392333984375e-05,56,0.000213623046875,1,0.003215789794921875,0.97021484375,3,38,0.00014495849609375,638,0.00243377685546875,1,0.008514404296875,0.998046875,17,149,0.000568389892578125,0,0.0,0,0.0219268798828125,0.405029296875,0,0,0.0,3
IDRiD,train,IDRiD_320,3,Severe,D:\retinaguard-ai\data\raw\IDRiD\disease_grading\B. Disease Grading\1. Original Images\a. Training Set\IDRiD_320.jpg,4190,0.01598358154296875,4781,0.018238067626953125,666,0.00254058837890625,1,0.0160064697265625,0.453125,55,128,0.00048828125,2451,0.009349822998046875,1,0.01189422607421875,0.99755859375,21,798,0.00304412841796875,324,0.0012359619140625,1,0.00788116455078125,0.99853515625,16,66,0.00025177001953125,1340,0.0051116943359375,1,0.028411865234375,0.98388671875,5,905,0.003452301025390625,4
IDRiD,train,IDRiD_321,3,Severe,D:\retinaguard-ai\data\raw\IDRiD\disease_grading\B. Disease Grading\1. Original Images\a. Training Set\IDRiD_321.jpg,4260,0.0162506103515625,4908,0.0187225341796875,645,0.002460479736328125,1,0.0160675048828125,0.362060546875,74,56,0.000213623046875,2806,0.01070404052734375,1,0.0132293701171875,0.99755859375,27,768,0.0029296875,113,0.000431060791015625,1,0.00689697265625,0.9921875,7,64,0.000244140625,1344,0.005126953125,1,0.028472900390625,0.982421875,8,612,0.0023345947265625,4
IDRiD,train,IDRiD_322,2,Moderate,D:\retinaguard-ai\data\raw\IDRiD\disease_grading\B. Disease Grading\1. Original Images\a. Training Set\IDRiD_322.jpg,4497,0.017154693603515625,4754,0.01813507080078125,287,0.001094818115234375,1,0.0146484375,0.398681640625,29,43,0.000164031982421875,1220,0.0046539306640625,1,0.0074462890625,0.99609375,17,281,0.001071929931640625,3178,0.01212310791015625,1,0.01947021484375,0.99853515625,94,241,0.000919342041015625,69,0.000263214111328125,1,0.0235443115234375,0.97265625,1,69,0.000263214111328125,4
IDRiD,train,IDRiD_323,3,Severe,D:\retinaguard-ai\data\raw\IDRiD\disease_grading\B. Disease Grading\1. Original Images\a. Training Set\IDRiD_323.jpg,12132,0.0462799072265625,13786,0.05258941650390625,1719,0.006557464599609375,1,0.01885986328125,0.378173828125,171,59,0.000225067138671875,11452,0.0436859130859375,1,0.044464111328125,0.99755859375,60,1272,0.004852294921875,48,0.00018310546875,1,0.006420135498046875,0.97802734375,4,18,6.866455078125e-05,567,0.002162933349609375,1,0.0248870849609375,0.9794921875,4,474,0.00180816650390625,4
IDRiD,train,IDRiD_324,3,Severe,D:\retinaguard-ai\data\raw\IDRiD\disease_grading\B. Disease Grading\1. Original Images\a. Training Set\IDRiD_324.jpg,15426,0.05884552001953125,17284,0.0659332275390625,1941,0.007404327392578125,1,0.019805908203125,0.430419921875,185,80,0.00030517578125,14241,0.054325103759765625,1,0.054718017578125,0.99755859375,66,2086,0.00795745849609375,484,0.0018463134765625,1,0.008392333984375,0.998046875,16,97,0.000370025634765625,618,0.00235748291015625,1,0.024749755859375,0.97998046875,2,459,0.001750946044921875,4
IDRiD,train,IDRiD_325,2,Moderate,D:\retinaguard-ai\data\raw\IDRiD\disease_grading\B. Disease Grading\1. Original Images\a. Training Set\IDRiD_325.jpg,17603,0.06715011596679688,17922,0.06836700439453125,225,0.000858306884765625,1,0.01428985595703125,0.436279296875,17,62,0.00023651123046875,365,0.001392364501953125,1,0.004497528076171875,0.99267578125,9,94,0.00035858154296875,16866,0.06433868408203125,1,0.07415771484375,0.9990234375,147,6016,0.02294921875,466,0.00177764892578125,1,0.0293121337890625,0.97900390625,4,234,0.00089263916015625,4
IDRiD,train,IDRiD_326,2,Moderate,D:\retinaguard-ai\data\raw\IDRiD\disease_grading\B. Disease Grading\1. Original Images\a. Training Set\IDRiD_326.jpg,17608,0.067169189453125,17854,0.06810760498046875,272,0.00103759765625,1,0.0141448974609375,0.380126953125,18,31,0.000118255615234375,618,0.00235748291015625,1,0.005535125732421875,0.99755859375,13,136,0.000518798828125,16964,0.0647125244140625,1,0.07330322265625,0.9990234375,119,6104,0.023284912109375,0,0.0,0,0.025543212890625,0.50732421875,0,0,0.0,3
IDRiD,train,IDRiD_327,3,Severe,D:\retinaguard-ai\data\raw\IDRiD\disease_grading\B. Disease Grading\1. Original Images\a. Training Set\IDRiD_327.jpg,8085,0.030841827392578125,9592,0.036590576171875,1405,0.005359649658203125,1,0.0174713134765625,0.468017578125,121,103,0.000392913818359375,6441,0.024570465087890625,1,0.0264739990234375,0.99755859375,52,994,0.00379180908203125,934,0.00356292724609375,1,0.01056671142578125,0.99755859375,32,113,0.000431060791015625,812,0.0030975341796875,1,0.02703857421875,0.97998046875,7,519,0.001979827880859375,4
IDRiD,train,IDRiD_328,2,Moderate,D:\retinaguard-ai\data\raw\IDRiD\disease_grading\B. Disease Grading\1. Original Images\a. Training Set\IDRiD_328.jpg,4037,0.015399932861328125,4145,0.015811920166015625,131,0.000499725341796875,1,0.01438140869140625,0.312255859375,15,34,0.00012969970703125,247,0.000942230224609375,1,0.00396728515625,0.99560546875,11,96,0.0003662109375,3492,0.0133209228515625,1,0.0201263427734375,0.9990234375,58,495,0.001888275146484375,275,0.001049041748046875,1,0.0240936279296875,0.9765625,2,273,0.001041412353515625,4
IDRiD,train,IDRiD_329,3,Severe,D:\retinaguard-ai\data\raw\IDRiD\disease_grading\B. Disease Grading\1. Original Images\a. Training Set\IDRiD_329.jpg,2141,0.008167266845703125,2661,0.010150909423828125,557,0.002124786376953125,1,0.01513671875,0.42919921875,43,29,0.000110626220703125,1609,0.006137847900390625,1,0.00878143310546875,0.99755859375,32,295,0.001125335693359375,495,0.001888275146484375,1,0.00823974609375,0.998046875,23,107,0.000408172607421875,0,0.0,0,0.022308349609375,0.529296875,0,0,0.0,3
IDRiD,train,IDRiD_330,3,Severe,D:\retinaguard-ai\data\raw\IDRiD\disease_grading\B. Disease Grading\1. Original Images\a. Training Set\IDRiD_330.jpg,3001,0.011447906494140625,3479,0.013271331787109375,537,0.002048492431640625,1,0.01531219482421875,0.44921875,43,64,0.000244140625,2406,0.00917816162109375,1,0.01172637939453125,0.99658203125,21,780,0.0029754638671875,394,0.00150299072265625,1,0.007762908935546875,0.998046875,19,115,0.000438690185546875,142,0.00054168701171875,1,0.023193359375,0.9765625,1,142,0.00054168701171875,4
IDRiD,train,IDRiD_331,0,No DR,D:\retinaguard-ai\data\raw\IDRiD\disease_grading\B. Disease Grading\1. Original Images\a. Training Set\IDRiD_331.jpg,23,8.7738037109375e-05,26,9.918212890625e-05,8,3.0517578125e-05,1,0.014190673828125,0.2080078125,2,5,1.9073486328125e-05,4,1.52587890625e-05,1,0.0030231475830078125,0.52880859375,1,4,1.52587890625e-05,14,5.340576171875e-05,1,0.0057830810546875,0.98828125,1,14,5.340576171875e-05,0,0.0,0,0.02178955078125,0.55078125,0,0,0.0,3
IDRiD,train,IDRiD_332,2,Moderate,D:\retinaguard-ai\data\raw\IDRiD\disease_grading\B. Disease Grading\1. Original Images\a. Training Set\IDRiD_332.jpg,1324,0.0050506591796875,1372,0.0052337646484375,53,0.000202178955078125,1,0.01459503173828125,0.284423828125,5,25,9.5367431640625e-05,131,0.000499725341796875,1,0.0034275054931640625,0.99609375,2,80,0.00030517578125,401,0.001529693603515625,1,0.0078277587890625,0.99658203125,16,82,0.00031280517578125,787,0.003002166748046875,1,0.0258026123046875,0.98095703125,4,444,0.0016937255859375,4
IDRiD,train,IDRiD_333,2,Moderate,D:\retinaguard-ai\data\raw\IDRiD\disease_grading\B. Disease Grading\1. Original Images\a. Training Set\IDRiD_333.jpg,620,0.0023651123046875,719,0.002742767333984375,105,0.000400543212890625,1,0.01439666748046875,0.40966796875,8,26,9.918212890625e-05,603,0.002300262451171875,1,0.005130767822265625,0.9951171875,5,454,0.00173187255859375,11,4.1961669921875e-05,1,0.005756378173828125,0.9384765625,2,6,2.288818359375e-05,0,0.0,0,0.0218505859375,0.41943359375,0,0,0.0,3
IDRiD,train,IDRiD_334,3,Severe,D:\retinaguard-ai\data\raw\IDRiD\disease_grading\B. Disease Grading\1. Original Images\a. Training Set\IDRiD_334.jpg,1621,0.006183624267578125,1987,0.007579803466796875,387,0.001476287841796875,1,0.0149993896484375,0.436767578125,35,32,0.0001220703125,1318,0.00502777099609375,1,0.007724761962890625,0.99560546875,15,439,0.001674652099609375,29,0.000110626220703125,1,0.00600433349609375,0.96728515625,2,25,9.5367431640625e-05,253,0.000965118408203125,1,0.02313232421875,0.96630859375,3,156,0.0005950927734375,4
IDRiD,train,IDRiD_335,0,No DR,D:\retinaguard-ai\data\raw\IDRiD\disease_grading\B. Disease Grading\1. Original Images\a. Training Set\IDRiD_335.jpg,100,0.0003814697265625,107,0.000408172607421875,12,4.57763671875e-05,1,0.014404296875,0.2110595703125,3,7,2.6702880859375e-05,0,0.0,0,0.00299072265625,0.10430908203125,0,0,0.0,6,2.288818359375e-05,1,0.0059356689453125,0.9091796875,1,6,2.288818359375e-05,89,0.000339508056640625,1,0.022918701171875,0.96728515625,3,87,0.000331878662109375,3
IDRiD,train,IDRiD_336,0,No DR,D:\retinaguard-ai\data\raw\IDRiD\disease_grading\B. Disease Grading\1. Original Images\a. Training Set\IDRiD_336.jpg,265,0.001010894775390625,332,0.0012664794921875,72,0.000274658203125,1,0.0145721435546875,0.2354736328125,6,33,0.000125885009765625,13,4.9591064453125e-05,1,0.0033321380615234375,0.7548828125,2,8,3.0517578125e-05,0,0.0,0,0.005767822265625,0.38330078125,0,0,0.0,247,0.000942230224609375,1,0.023162841796875,0.97900390625,1,247,0.000942230224609375,3
IDRiD,train,IDRiD_337,2,Moderate,D:\retinaguard-ai\data\raw\IDRiD\disease_grading\B. Disease Grading\1. Original Images\a. Training Set\IDRiD_337.jpg,820,0.0031280517578125,874,0.00333404541015625,52,0.0001983642578125,1,0.0143280029296875,0.28271484375,6,22,8.392333984375e-05,467,0.001781463623046875,1,0.00475311279296875,0.99609375,2,465,0.001773834228515625,346,0.00131988525390625,1,0.0072784423828125,0.9970703125,18,85,0.000324249267578125,9,3.4332275390625e-05,1,0.02197265625,0.86181640625,1,9,3.4332275390625e-05,4
IDRiD,train,IDRiD_338,2,Moderate,D:\retinaguard-ai\data\raw\IDRiD\disease_grading\B. Disease Grading\1. Original Images\a. Training Set\IDRiD_338.jpg,629,0.002399444580078125,679,0.002590179443359375,56,0.000213623046875,1,0.0142669677734375,0.333251953125,4,20,7.62939453125e-05,98,0.00037384033203125,1,0.003360748291015625,0.9921875,3,48,0.00018310546875,525,0.002002716064453125,1,0.00807952880859375,0.9990234375,20,81,0.000308990478515625,0,0.0,0,0.0218353271484375,0.343017578125,0,0,0.0,3
IDRiD,train,IDRiD_339,3,Severe,D:\retinaguard-ai\data\raw\IDRiD\disease_grading\B. Disease Grading\1. Original Images\a. Training Set\IDRiD_339.jpg,4955,0.018901824951171875,5226,0.01993560791015625,295,0.001125335693359375,1,0.01450347900390625,0.36962890625,21,39,0.000148773193359375,803,0.003063201904296875,1,0.005931854248046875,0.99755859375,15,203,0.000774383544921875,4128,0.0157470703125,1,0.02325439453125,0.9990234375,78,1363,0.005199432373046875,0,0.0,0,0.0228729248046875,0.49951171875,0,0,0.0,3
IDRiD,train,IDRiD_340,2,Moderate,D:\retinaguard-ai\data\raw\IDRiD\disease_grading\B. Disease Grading\1. Original Images\a. Training Set\IDRiD_340.jpg,469,0.001789093017578125,543,0.002071380615234375,84,0.0003204345703125,1,0.01432037353515625,0.33984375,8,19,7.2479248046875e-05,375,0.001430511474609375,1,0.0043182373046875,0.9921875,4,218,0.00083160400390625,84,0.0003204345703125,1,0.0059661865234375,0.9970703125,1,84,0.0003204345703125,0,0.0,0,0.0216064453125,0.371826171875,0,0,0.0,3
IDRiD,train,IDRiD_341,3,Severe,D:\retinaguard-ai\data\raw\IDRiD\disease_grading\B. Disease Grading\1. Original Images\a. Training Set\IDRiD_341.jpg,2605,0.009937286376953125,2949,0.011249542236328125,372,0.0014190673828125,1,0.01499176025390625,0.348876953125,33,26,9.918212890625e-05,1370,0.00522613525390625,1,0.0080718994140625,0.99658203125,19,249,0.000949859619140625,1207,0.004604339599609375,1,0.0111083984375,0.99853515625,39,167,0.000637054443359375,0,0.0,0,0.022430419921875,0.681640625,0,0,0.0,3
IDRiD,train,IDRiD_342,0,No DR,D:\retinaguard-ai\data\raw\IDRiD\disease_grading\B. Disease Grading\1. Original Images\a. Training Set\IDRiD_342.jpg,180,0.0006866455078125,232,0.000885009765625,59,0.000225067138671875,1,0.014373779296875,0.27783203125,6,28,0.0001068115234375,144,0.00054931640625,1,0.003543853759765625,0.99755859375,4,85,0.000324249267578125,29,0.000110626220703125,1,0.005886077880859375,0.98876953125,2,21,8.0108642578125e-05,0,0.0,0,0.0218353271484375,0.460693359375,0,0,0.0,3
IDRiD,train,IDRiD_343,2,Moderate,D:\retinaguard-ai\data\raw\IDRiD\disease_grading\B. Disease Grading\1. Original Images\a. Training Set\IDRiD_343.jpg,3588,0.0136871337890625,3803,0.014507293701171875,242,0.00092315673828125,1,0.014251708984375,0.4423828125,18,33,0.000125885009765625,368,0.00140380859375,1,0.004383087158203125,0.9970703125,15,53,0.000202178955078125,3193,0.012180328369140625,1,0.0191650390625,0.9990234375,60,396,0.0015106201171875,0,0.0,0,0.0227813720703125,0.463623046875,0,0,0.0,3
IDRiD,train,IDRiD_344,3,Severe,D:\retinaguard-ai\data\raw\IDRiD\disease_grading\B. Disease Grading\1. Original Images\a. Training Set\IDRiD_344.jpg,17166,0.06548309326171875,17769,0.06778335571289062,601,0.002292633056640625,1,0.0147247314453125,0.366455078125,50,58,0.00022125244140625,2032,0.00775146484375,1,0.0104827880859375,0.9970703125,25,314,0.00119781494140625,15010,0.05725860595703125,1,0.0662841796875,0.99951171875,125,4465,0.017032623291015625,126,0.00048065185546875,1,0.02484130859375,0.96435546875,1,126,0.00048065185546875,4
IDRiD,train,IDRiD_345,0,No DR,D:\retinaguard-ai\data\raw\IDRiD\disease_grading\B. Disease Grading\1. Original Images\a. Training Set\IDRiD_345.jpg,132,0.0005035400390625,187,0.000713348388671875,63,0.000240325927734375,1,0.01422882080078125,0.369384765625,5,21,8.0108642578125e-05,109,0.000415802001953125,1,0.003421783447265625,0.98779296875,4,55,0.000209808349609375,15,5.7220458984375e-05,1,0.00574493408203125,0.9111328125,2,13,4.9591064453125e-05,0,0.0,0,0.0218963623046875,0.30859375,0,0,0.0,3
IDRiD,train,IDRiD_346,0,No DR,D:\retinaguard-ai\data\raw\IDRiD\disease_grading\B. Disease Grading\1. Original Images\a. Training Set\IDRiD_346.jpg,7,2.6702880859375e-05,7,2.6702880859375e-05,3,1.1444091796875e-05,1,0.014312744140625,0.1976318359375,1,3,1.1444091796875e-05,0,0.0,0,0.003082275390625,0.1751708984375,0,0,0.0,4,1.52587890625e-05,1,0.005741119384765625,0.76220703125,1,4,1.52587890625e-05,0,0.0,0,0.0217742919921875,0.385498046875,0,0,0.0,2
IDRiD,train,IDRiD_347,3,Severe,D:\retinaguard-ai\data\raw\IDRiD\disease_grading\B. Disease Grading\1. Original Images\a. Training Set\IDRiD_347.jpg,20558,0.07842254638671875,21780,0.0830841064453125,1226,0.00467681884765625,1,0.0166168212890625,0.415283203125,114,62,0.00023651123046875,6142,0.02342987060546875,1,0.0255279541015625,0.99755859375,44,971,0.003704071044921875,14004,0.0534210205078125,1,0.0625,0.9990234375,95,2997,0.011432647705078125,408,0.001556396484375,1,0.0266265869140625,0.98291015625,3,258,0.00098419189453125,4
IDRiD,train,IDRiD_348,2,Moderate,D:\retinaguard-ai\data\raw\IDRiD\disease_grading\B. Disease Grading\1. Original Images\a. Training Set\IDRiD_348.jpg,15041,0.057376861572265625,15344,0.05853271484375,332,0.0012664794921875,1,0.014434814453125,0.395751953125,28,34,0.00012969970703125,947,0.003612518310546875,1,0.006618499755859375,0.99853515625,19,136,0.000518798828125,14065,0.053653717041015625,1,0.061553955078125,0.9990234375,60,6262,0.02388763427734375,0,0.0,0,0.0242767333984375,0.443359375,0,0,0.0,3
IDRiD,train,IDRiD_349,3,Severe,D:\retinaguard-ai\data\raw\IDRiD\disease_grading\B. Disease Grading\1. Original Images\a. Training Set\IDRiD_349.jpg,1957,0.007465362548828125,2222,0.00847625732421875,292,0.0011138916015625,1,0.01464080810546875,0.38330078125,28,51,0.000194549560546875,1181,0.004505157470703125,1,0.007343292236328125,0.99755859375,16,328,0.001251220703125,649,0.002475738525390625,1,0.00878143310546875,0.9990234375,21,214,0.00081634521484375,100,0.0003814697265625,1,0.0227203369140625,0.970703125,1,100,0.0003814697265625,4
IDRiD,train,IDRiD_350,2,Moderate,D:\retinaguard-ai\data\raw\IDRiD\disease_grading\B. Disease Grading\1. Original Images\a. Training Set\IDRiD_350.jpg,1255,0.004787445068359375,1409,0.005374908447265625,173,0.000659942626953125,1,0.0146942138671875,0.362060546875,23,27,0.000102996826171875,684,0.0026092529296875,1,0.0054779052734375,0.99609375,14,302,0.00115203857421875,127,0.000484466552734375,1,0.00643157958984375,0.99462890625,7,51,0.000194549560546875,425,0.001621246337890625,1,0.0238189697265625,0.98193359375,2,424,0.001617431640625,4
IDRiD,train,IDRiD_351,0,No DR,D:\retinaguard-ai\data\raw\IDRiD\disease_grading\B. Disease Grading\1. Original Images\a. Training Set\IDRiD_351.jpg,12,4.57763671875e-05,16,6.103515625e-05,11,4.1961669921875e-05,1,0.01416778564453125,0.2607421875,2,8,3.0517578125e-05,5,1.9073486328125e-05,1,0.003017425537109375,0.6875,1,5,1.9073486328125e-05,0,0.0,0,0.00568389892578125,0.4482421875,0,0,0.0,0,0.0,0,0.0216217041015625,0.3076171875,0,0,0.0,2
IDRiD,train,IDRiD_352,0,No DR,D:\retinaguard-ai\data\raw\IDRiD\disease_grading\B. Disease Grading\1. Original Images\a. Training Set\IDRiD_352.jpg,91,0.000347137451171875,127,0.000484466552734375,44,0.0001678466796875,1,0.01448822021484375,0.330322265625,5,18,6.866455078125e-05,82,0.00031280517578125,1,0.003398895263671875,0.9853515625,5,49,0.000186920166015625,1,3.814697265625e-06,1,0.005695343017578125,0.76904296875,1,1,3.814697265625e-06,0,0.0,0,0.0218505859375,0.313232421875,0,0,0.0,3
IDRiD,train,IDRiD_353,0,No DR,D:\retinaguard-ai\data\raw\IDRiD\disease_grading\B. Disease Grading\1. Original Images\a. Training Set\IDRiD_353.jpg,3,1.1444091796875e-05,3,1.1444091796875e-05,3,1.1444091796875e-05,1,0.0142669677734375,0.19775390625,1,3,1.1444091796875e-05,0,0.0,0,0.0030460357666015625,0.10211181640625,0,0,0.0,0,0.0,0,0.0056915283203125,0.58642578125,0,0,0.0,0,0.0,0,0.021697998046875,0.31884765625,0,0,0.0,1
IDRiD,train,IDRiD_354,3,Severe,D:\retinaguard-ai\data\raw\IDRiD\disease_grading\B. Disease Grading\1. Original Images\a. Training Set\IDRiD_354.jpg,13465,0.051364898681640625,13785,0.052585601806640625,347,0.001323699951171875,1,0.01456451416015625,0.3857421875,24,60,0.0002288818359375,1155,0.004405975341796875,1,0.00733184814453125,0.9951171875,11,664,0.002532958984375,12283,0.046855926513671875,1,0.0555419921875,0.9990234375,89,3558,0.01357269287109375,0,0.0,0,0.02447509765625,0.66162109375,0,0,0.0,3
IDRiD,train,IDRiD_355,0,No DR,D:\retinaguard-ai\data\raw\IDRiD\disease_grading\B. Disease Grading\1. Original Images\a. Training Set\IDRiD_355.jpg,108,0.0004119873046875,137,0.000522613525390625,37,0.000141143798828125,1,0.01418304443359375,0.390380859375,3,32,0.0001220703125,60,0.0002288818359375,1,0.0031719207763671875,0.98876953125,1,60,0.0002288818359375,40,0.000152587890625,1,0.005931854248046875,0.98828125,4,17,6.4849853515625e-05,0,0.0,0,0.0217742919921875,0.42822265625,0,0,0.0,3
IDRiD,train,IDRiD_356,3,Severe,D:\retinaguard-ai\data\raw\IDRiD\disease_grading\B. Disease Grading\1. Original Images\a. Training Set\IDRiD_356.jpg,1785,0.006809234619140625,1914,0.00730133056640625,145,0.000553131103515625,1,0.01441192626953125,0.37939453125,14,29,0.000110626220703125,479,0.001827239990234375,1,0.00473785400390625,0.99658203125,9,196,0.0007476806640625,1290,0.00492095947265625,1,0.01136016845703125,0.99853515625,29,254,0.00096893310546875,0,0.0,0,0.0228729248046875,0.70751953125,0,0,0.0,3
IDRiD,train,IDRiD_357,3,Severe,D:\retinaguard-ai\data\raw\IDRiD\disease_grading\B. Disease Grading\1. Original Images\a. Training Set\IDRiD_357.jpg,2550,0.00972747802734375,3148,0.0120086669921875,651,0.002483367919921875,1,0.015533447265625,0.48974609375,51,39,0.000148773193359375,1566,0.00597381591796875,1,0.00872039794921875,0.99755859375,37,192,0.000732421875,806,0.00307464599609375,1,0.00954437255859375,0.99853515625,24,207,0.000789642333984375,125,0.000476837158203125,1,0.0237274169921875,0.9765625,2,124,0.0004730224609375,4
IDRiD,train,IDRiD_358,0,No DR,D:\retinaguard-ai\data\raw\IDRiD\disease_grading\B. Disease Grading\1. Original Images\a. Training Set\IDRiD_358.jpg,45,0.000171661376953125,61,0.000232696533203125,24,9.1552734375e-05,1,0.01434326171875,0.317138671875,4,18,6.866455078125e-05,37,0.000141143798828125,1,0.0032405853271484375,0.9853515625,1,37,0.000141143798828125,0,0.0,0,0.00563812255859375,0.1405029296875,0,0,0.0,0,0.0,0,0.0215606689453125,0.3115234375,0,0,0.0,2
IDRiD,train,IDRiD_359,0,No DR,D:\retinaguard-ai\data\raw\IDRiD\disease_grading\B. Disease Grading\1. Original Images\a. Training Set\IDRiD_359.jpg,121,0.000461578369140625,148,0.0005645751953125,30,0.00011444091796875,1,0.01433563232421875,0.28271484375,2,27,0.000102996826171875,103,0.000392913818359375,1,0.0034027099609375,0.99560546875,1,103,0.000392913818359375,15,5.7220458984375e-05,1,0.00579071044921875,0.97607421875,1,15,5.7220458984375e-05,0,0.0,0,0.02178955078125,0.3056640625,0,0,0.0,3
IDRiD,train,IDRiD_360,2,Moderate,D:\retinaguard-ai\data\raw\IDRiD\disease_grading\B. Disease Grading\1. Original Images\a. Training Set\IDRiD_360.jpg,2012,0.0076751708984375,2154,0.00821685791015625,162,0.00061798095703125,1,0.0143890380859375,0.423828125,14,25,9.5367431640625e-05,465,0.001773834228515625,1,0.00472259521484375,0.99560546875,12,153,0.000583648681640625,1527,0.005825042724609375,1,0.012237548828125,0.99853515625,44,507,0.001934051513671875,0,0.0,0,0.022125244140625,0.384033203125,0,0,0.0,3
IDRiD,train,IDRiD_361,4,Proliferative DR,D:\retinaguard-ai\data\raw\IDRiD\disease_grading\B. Disease Grading\1. Original Images\a. Training Set\IDRiD_361.jpg,4309,0.016437530517578125,5450,0.02079010009765625,1195,0.004558563232421875,1,0.0165863037109375,0.462890625,88,60,0.0002288818359375,3482,0.01328277587890625,1,0.015655517578125,0.99755859375,52,622,0.00237274169921875,284,0.0010833740234375,1,0.007572174072265625,0.99365234375,16,47,0.000179290771484375,489,0.001865386962890625,1,0.0254058837890625,0.97998046875,4,238,0.00090789794921875,4
IDRiD,train,IDRiD_362,4,Proliferative DR,D:\retinaguard-ai\data\raw\IDRiD\disease_grading\B. Disease Grading\1. Original Images\a. Training Set\IDRiD_362.jpg,6156,0.0234832763671875,7224,0.027557373046875,1155,0.004405975341796875,1,0.0167236328125,0.4228515625,105,44,0.0001678466796875,3097,0.011814117431640625,1,0.01422882080078125,0.99755859375,54,571,0.002178192138671875,1155,0.004405975341796875,1,0.01178741455078125,0.998046875,45,102,0.00038909912109375,1817,0.006931304931640625,1,0.03179931640625,0.98388671875,8,355,0.001354217529296875,4
IDRiD,train,IDRiD_363,2,Moderate,D:\retinaguard-ai\data\raw\IDRiD\disease_grading\B. Disease Grading\1. Original Images\a. Training Set\IDRiD_363.jpg,762,0.00290679931640625,847,0.003231048583984375,98,0.00037384033203125,1,0.0146636962890625,0.308349609375,9,29,0.000110626220703125,371,0.001415252685546875,1,0.004367828369140625,0.99609375,8,164,0.0006256103515625,378,0.00144195556640625,1,0.0076904296875,0.9951171875,10,180,0.0006866455078125,0,0.0,0,0.0225982666015625,0.3486328125,0,0,0.0,3
IDRiD,train,IDRiD_364,3,Severe,D:\retinaguard-ai\data\raw\IDRiD\disease_grading\B. Disease Grading\1. Original Images\a. Training Set\IDRiD_364.jpg,1751,0.006679534912109375,2253,0.008594512939453125,564,0.0021514892578125,1,0.01561737060546875,0.45361328125,48,29,0.000110626220703125,1334,0.00508880615234375,1,0.00786590576171875,0.9970703125,34,239,0.000911712646484375,355,0.001354217529296875,1,0.00786590576171875,0.994140625,21,55,0.000209808349609375,0,0.0,0,0.0231475830078125,0.5078125,0,0,0.0,3
IDRiD,train,IDRiD_365,0,No DR,D:\retinaguard-ai\data\raw\IDRiD\disease_grading\B. Disease Grading\1. Original Images\a. Training Set\IDRiD_365.jpg,143,0.000545501708984375,182,0.00069427490234375,44,0.0001678466796875,1,0.0143585205078125,0.338623046875,4,22,8.392333984375e-05,100,0.0003814697265625,1,0.0034236907958984375,0.986328125,3,66,0.00025177001953125,38,0.00014495849609375,1,0.005947113037109375,0.95361328125,5,13,4.9591064453125e-05,0,0.0,0,0.0218353271484375,0.3837890625,0,0,0.0,3
IDRiD,train,IDRiD_366,3,Severe,D:\retinaguard-ai\data\raw\IDRiD\disease_grading\B. Disease Grading\1. Original Images\a. Training Set\IDRiD_366.jpg,2508,0.0095672607421875,2559,0.009761810302734375,57,0.000217437744140625,1,0.0142364501953125,0.29443359375,4,27,0.000102996826171875,129,0.000492095947265625,1,0.003482818603515625,0.9970703125,3,93,0.000354766845703125,2373,0.009052276611328125,1,0.0157012939453125,0.99951171875,47,419,0.001598358154296875,0,0.0,0,0.022430419921875,0.3193359375,0,0,0.0,3
IDRiD,train,IDRiD_367,0,No DR,D:\retinaguard-ai\data\raw\IDRiD\disease_grading\B. Disease Grading\1. Original Images\a. Training Set\IDRiD_367.jpg,87,0.000331878662109375,109,0.000415802001953125,28,0.0001068115234375,1,0.01425933837890625,0.294677734375,2,25,9.5367431640625e-05,70,0.00026702880859375,1,0.0032367706298828125,0.9951171875,1,70,0.00026702880859375,10,3.814697265625e-05,1,0.005889892578125,0.77734375,3,7,2.6702880859375e-05,1,3.814697265625e-06,1,0.021759033203125,0.802734375,1,1,3.814697265625e-06,4
IDRiD,train,IDRiD_368,3,Severe,D:\retinaguard-ai\data\raw\IDRiD\disease_grading\B. Disease Grading\1. Original Images\a. Training Set\IDRiD_368.jpg,5646,0.02153778076171875,6009,0.022922515869140625,395,0.001506805419921875,1,0.01470184326171875,0.411376953125,28,50,0.00019073486328125,1322,0.00504302978515625,1,0.0078277587890625,0.99755859375,17,639,0.002437591552734375,4131,0.015758514404296875,1,0.0240478515625,0.9990234375,120,380,0.0014495849609375,161,0.000614166259765625,1,0.024444580078125,0.98291015625,1,161,0.000614166259765625,4
IDRiD,train,IDRiD_369,3,Severe,D:\retinaguard-ai\data\raw\IDRiD\disease_grading\B. Disease Grading\1. Original Images\a. Training Set\IDRiD_369.jpg,9166,0.03496551513671875,9864,0.037628173828125,747,0.002849578857421875,1,0.015472412109375,0.430419921875,56,77,0.000293731689453125,3405,0.012989044189453125,1,0.0153045654296875,0.998046875,33,654,0.00249481201171875,5601,0.021366119384765625,1,0.029541015625,0.99853515625,102,960,0.003662109375,111,0.000423431396484375,1,0.0244140625,0.9775390625,1,111,0.000423431396484375,4
IDRiD,train,IDRiD_370,0,No DR,D:\retinaguard-ai\data\raw\IDRiD\disease_grading\B. Disease Grading\1. Original Images\a. Training Set\IDRiD_370.jpg,63,0.000240325927734375,87,0.000331878662109375,27,0.000102996826171875,1,0.01422119140625,0.427734375,3,21,8.0108642578125e-05,60,0.0002288818359375,1,0.003200531005859375,0.9912109375,2,54,0.00020599365234375,0,0.0,0,0.00571441650390625,0.1392822265625,0,0,0.0,0,0.0,0,0.0218353271484375,0.3134765625,0,0,0.0,2
IDRiD,train,IDRiD_371,3,Severe,D:\retinaguard-ai\data\raw\IDRiD\disease_grading\B. Disease Grading\1. Original Images\a. Training Set\IDRiD_371.jpg,1903,0.007259368896484375,2157,0.008228302001953125,259,0.000988006591796875,1,0.014862060546875,0.413330078125,31,25,9.5367431640625e-05,642,0.00244903564453125,1,0.00528717041015625,0.9970703125,14,154,0.00058746337890625,460,0.0017547607421875,1,0.00812530517578125,0.998046875,27,54,0.00020599365234375,796,0.0030364990234375,1,0.025970458984375,0.97705078125,5,442,0.00168609619140625,4
IDRiD,train,IDRiD_372,3,Severe,D:\retinaguard-ai\data\raw\IDRiD\disease_grading\B. Disease Grading\1. Original Images\a. Training Set\IDRiD_372.jpg,982,0.00374603271484375,1106,0.00421905517578125,130,0.00049591064453125,1,0.01441192626953125,0.370361328125,11,29,0.000110626220703125,416,0.0015869140625,1,0.004520416259765625,0.99609375,7,211,0.000804901123046875,555,0.002117156982421875,1,0.00803375244140625,0.9970703125,19,222,0.00084686279296875,5,1.9073486328125e-05,1,0.0219879150390625,0.8046875,1,5,1.9073486328125e-05,4
IDRiD,train,IDRiD_373,0,No DR,D:\retinaguard-ai\data\raw\IDRiD\disease_grading\B. Disease Grading\1. Original Images\a. Training Set\IDRiD_373.jpg,199,0.000759124755859375,247,0.000942230224609375,56,0.000213623046875,1,0.0142669677734375,0.326171875,7,22,8.392333984375e-05,191,0.000728607177734375,1,0.0036830902099609375,0.9931640625,3,128,0.00048828125,0,0.0,0,0.005619049072265625,0.156005859375,0,0,0.0,0,0.0,0,0.0214691162109375,0.314697265625,0,0,0.0,2
IDRiD,train,IDRiD_374,2,Moderate,D:\retinaguard-ai\data\raw\IDRiD\disease_grading\B. Disease Grading\1. Original Images\a. Training Set\IDRiD_374.jpg,2773,0.010578155517578125,2965,0.011310577392578125,196,0.0007476806640625,1,0.0156402587890625,0.2568359375,28,24,9.1552734375e-05,2455,0.009365081787109375,1,0.0126800537109375,0.99169921875,23,609,0.002323150634765625,314,0.00119781494140625,1,0.006992340087890625,0.9990234375,12,79,0.000301361083984375,0,0.0,0,0.0222930908203125,0.42822265625,0,0,0.0,3
IDRiD,train,IDRiD_375,2,Moderate,D:\retinaguard-ai\data\raw\IDRiD\disease_grading\B. Disease Grading\1. Original Images\a. Training Set\IDRiD_375.jpg,1211,0.004619598388671875,1252,0.0047760009765625,51,0.000194549560546875,1,0.01424407958984375,0.38037109375,4,22,8.392333984375e-05,79,0.000301361083984375,1,0.0032711029052734375,0.99462890625,3,55,0.000209808349609375,1122,0.00428009033203125,1,0.01067352294921875,0.99853515625,25,350,0.00133514404296875,0,0.0,0,0.0224456787109375,0.5458984375,0,0,0.0,3
IDRiD,train,IDRiD_376,3,Severe,D:\retinaguard-ai\data\raw\IDRiD\disease_grading\B. Disease Grading\1. Original Images\a. Training Set\IDRiD_376.jpg,14538,0.05545806884765625,16864,0.0643310546875,2447,0.009334564208984375,1,0.020538330078125,0.4423828125,179,181,0.000690460205078125,9359,0.035701751708984375,1,0.036529541015625,0.99755859375,42,2145,0.008182525634765625,447,0.001705169677734375,1,0.01039886474609375,0.99267578125,20,194,0.00074005126953125,4611,0.017589569091796875,1,0.0443115234375,0.98583984375,28,603,0.002300262451171875,4
IDRiD,train,IDRiD_377,3,Severe,D:\retinaguard-ai\data\raw\IDRiD\disease_grading\B. Disease Grading\1. Original Images\a. Training Set\IDRiD_377.jpg,12118,0.04622650146484375,13888,0.052978515625,1918,0.00731658935546875,1,0.019012451171875,0.6640625,151,133,0.000507354736328125,7688,0.029327392578125,1,0.0308074951171875,0.998046875,33,2562,0.00977325439453125,466,0.00177764892578125,1,0.01004791259765625,0.99755859375,28,61,0.000232696533203125,3816,0.014556884765625,1,0.03924560546875,0.98828125,9,2621,0.009998321533203125,4
IDRiD,train,IDRiD_378,0,No DR,D:\retinaguard-ai\data\raw\IDRiD\disease_grading\B. Disease Grading\1. Original Images\a. Training Set\IDRiD_378.jpg,265,0.001010894775390625,332,0.0012664794921875,76,0.0002899169921875,1,0.01435089111328125,0.31494140625,7,20,7.62939453125e-05,226,0.00086212158203125,1,0.0038242340087890625,0.99365234375,4,115,0.000438690185546875,30,0.00011444091796875,1,0.00586700439453125,0.99365234375,2,21,8.0108642578125e-05,0,0.0,0,0.0217437744140625,0.4638671875,0,0,0.0,3
IDRiD,train,IDRiD_379,1,Mild,D:\retinaguard-ai\data\raw\IDRiD\disease_grading\B. Disease Grading\1. Original Images\a. Training Set\IDRiD_379.jpg,38,0.00014495849609375,60,0.0002288818359375,27,0.000102996826171875,1,0.01427459716796875,0.395263671875,2,24,9.1552734375e-05,33,0.000125885009765625,1,0.0031604766845703125,0.97119140625,1,33,0.000125885009765625,0,0.0,0,0.005706787109375,0.1422119140625,0,0,0.0,0,0.0,0,0.0215911865234375,0.310546875,0,0,0.0,2
IDRiD,train,IDRiD_380,3,Severe,D:\retinaguard-ai\data\raw\IDRiD\disease_grading\B. Disease Grading\1. Original Images\a. Training Set\IDRiD_380.jpg,2752,0.010498046875,2898,0.01105499267578125,173,0.000659942626953125,1,0.014892578125,0.369140625,18,25,9.5367431640625e-05,510,0.00194549560546875,1,0.004886627197265625,0.99560546875,11,295,0.001125335693359375,1640,0.006256103515625,1,0.01335906982421875,0.998046875,39,306,0.00116729736328125,575,0.002193450927734375,1,0.02581787109375,0.9794921875,4,210,0.00080108642578125,4
IDRiD,train,IDRiD_381,0,No DR,D:\retinaguard-ai\data\raw\IDRiD\disease_grading\B. Disease Grading\1. Original Images\a. Training Set\IDRiD_381.jpg,77,0.000293731689453125,101,0.000385284423828125,28,0.0001068115234375,1,0.01418304443359375,0.40966796875,2,25,9.5367431640625e-05,58,0.00022125244140625,1,0.0031681060791015625,0.99560546875,1,58,0.00022125244140625,15,5.7220458984375e-05,1,0.00588226318359375,0.947265625,2,10,3.814697265625e-05,0,0.0,0,0.021820068359375,0.308837890625,0,0,0.0,3
IDRiD,train,IDRiD_382,0,No DR,D:\retinaguard-ai\data\raw\IDRiD\disease_grading\B. Disease Grading\1. Original Images\a. Training Set\IDRiD_382.jpg,49,0.000186920166015625,69,0.000263214111328125,24,9.1552734375e-05,1,0.01422119140625,0.27880859375,3,18,6.866455078125e-05,45,0.000171661376953125,1,0.0031795501708984375,0.9921875,2,34,0.00012969970703125,0,0.0,0,0.005611419677734375,0.311279296875,0,0,0.0,0,0.0,0,0.0214080810546875,0.308837890625,0,0,0.0,2
IDRiD,train,IDRiD_383,3,Severe,D:\retinaguard-ai\data\raw\IDRiD\disease_grading\B. Disease Grading\1. Original Images\a. Training Set\IDRiD_383.jpg,4253,0.016223907470703125,4711,0.017971038818359375,499,0.001903533935546875,1,0.01531219482421875,0.410400390625,40,41,0.000156402587890625,1490,0.00568389892578125,1,0.00853729248046875,0.9970703125,28,335,0.001277923583984375,2636,0.0100555419921875,1,0.0176849365234375,0.9990234375,92,399,0.001522064208984375,86,0.00032806396484375,1,0.024688720703125,0.9677734375,4,76,0.0002899169921875,4
IDRiD,train,IDRiD_384,3,Severe,D:\retinaguard-ai\data\raw\IDRiD\disease_grading\B. Disease Grading\1. Original Images\a. Training Set\IDRiD_384.jpg,12490,0.04764556884765625,13021,0.049671173095703125,493,0.001880645751953125,1,0.0150299072265625,0.39111328125,47,41,0.000156402587890625,1426,0.00543975830078125,1,0.0083465576171875,0.99658203125,22,264,0.001007080078125,10874,0.04148101806640625,1,0.05010986328125,0.99951171875,135,3208,0.012237548828125,228,0.0008697509765625,1,0.028533935546875,0.9755859375,8,181,0.000690460205078125,4
IDRiD,train,IDRiD_385,3,Severe,D:\retinaguard-ai\data\raw\IDRiD\disease_grading\B. Disease Grading\1. Original Images\a. Training Set\IDRiD_385.jpg,3802,0.01450347900390625,4205,0.016040802001953125,433,0.001651763916015625,1,0.0152740478515625,0.42578125,33,39,0.000148773193359375,1530,0.00583648681640625,1,0.00855255126953125,0.99609375,20,566,0.00215911865234375,1645,0.006275177001953125,1,0.0135498046875,0.99853515625,51,139,0.000530242919921875,597,0.002277374267578125,1,0.0259857177734375,0.982421875,3,342,0.00130462646484375,4
IDRiD,train,IDRiD_386,0,No DR,D:\retinaguard-ai\data\raw\IDRiD\disease_grading\B. Disease Grading\1. Original Images\a. Training Set\IDRiD_386.jpg,512,0.001953125,563,0.002147674560546875,18,6.866455078125e-05,1,0.01442718505859375,0.344482421875,3,14,5.340576171875e-05,18,6.866455078125e-05,1,0.003108978271484375,0.9482421875,1,18,6.866455078125e-05,232,0.000885009765625,1,0.00681304931640625,0.99755859375,8,76,0.0002899169921875,295,0.001125335693359375,1,0.0234527587890625,0.9677734375,4,192,0.000732421875,4
IDRiD,train,IDRiD_387,0,No DR,D:\retinaguard-ai\data\raw\IDRiD\disease_grading\B. Disease Grading\1. Original Images\a. Training Set\IDRiD_387.jpg,44,0.0001678466796875,62,0.00023651123046875,26,9.918212890625e-05,1,0.0142669677734375,0.273193359375,4,19,7.2479248046875e-05,36,0.0001373291015625,1,0.00318145751953125,0.97314453125,1,36,0.0001373291015625,0,0.0,0,0.005706787109375,0.143798828125,0,0,0.0,0,0.0,0,0.021728515625,0.3125,0,0,0.0,2
IDRiD,train,IDRiD_388,1,Mild,D:\retinaguard-ai\data\raw\IDRiD\disease_grading\B. Disease Grading\1. Original Images\a. Training Set\IDRiD_388.jpg,80,0.00030517578125,113,0.000431060791015625,40,0.000152587890625,1,0.01438140869140625,0.343017578125,3,28,0.0001068115234375,73,0.000278472900390625,1,0.0032939910888671875,0.990234375,2,60,0.0002288818359375,0,0.0,0,0.00574493408203125,0.139404296875,0,0,0.0,0,0.0,0,0.021942138671875,0.310546875,0,0,0.0,2
IDRiD,train,IDRiD_389,4,Proliferative DR,D:\retinaguard-ai\data\raw\IDRiD\disease_grading\B. Disease Grading\1. Original Images\a. Training Set\IDRiD_389.jpg,8887,0.033901214599609375,9765,0.037250518798828125,971,0.003704071044921875,1,0.0169830322265625,0.4091796875,100,84,0.0003204345703125,4493,0.017139434814453125,1,0.0193023681640625,0.99658203125,42,894,0.00341033935546875,2981,0.011371612548828125,1,0.01910400390625,0.9990234375,69,338,0.00128936767578125,1320,0.005035400390625,1,0.030792236328125,0.9765625,7,501,0.001911163330078125,4
IDRiD,train,IDRiD_390,4,Proliferative DR,D:\retinaguard-ai\data\raw\IDRiD\disease_grading\B. Disease Grading\1. Original Images\a. Training Set\IDRiD_390.jpg,8710,0.03322601318359375,9736,0.037139892578125,1080,0.004119873046875,1,0.0168609619140625,0.402099609375,101,65,0.000247955322265625,4252,0.0162200927734375,1,0.0185546875,0.99609375,57,561,0.002140045166015625,3812,0.0145416259765625,1,0.022186279296875,0.99853515625,61,557,0.002124786376953125,592,0.00225830078125,1,0.0268402099609375,0.986328125,4,345,0.001316070556640625,4
IDRiD,train,IDRiD_391,2,Moderate,D:\retinaguard-ai\data\raw\IDRiD\disease_grading\B. Disease Grading\1. Original Images\a. Training Set\IDRiD_391.jpg,399,0.001522064208984375,474,0.00180816650390625,79,0.000301361083984375,1,0.0143890380859375,0.396728515625,9,18,6.866455078125e-05,170,0.00064849853515625,1,0.003559112548828125,0.9970703125,4,75,0.000286102294921875,14,5.340576171875e-05,1,0.005889892578125,0.86083984375,3,5,1.9073486328125e-05,211,0.000804901123046875,1,0.0231781005859375,0.9775390625,3,163,0.000621795654296875,4
IDRiD,train,IDRiD_392,4,Proliferative DR,D:\retinaguard-ai\data\raw\IDRiD\disease_grading\B. Disease Grading\1. Original Images\a. Training Set\IDRiD_392.jpg,8098,0.03089141845703125,9303,0.035488128662109375,1103,0.004207611083984375,1,0.01739501953125,0.38671875,97,122,0.00046539306640625,5213,0.019886016845703125,1,0.021881103515625,0.99755859375,34,854,0.00325775146484375,1170,0.00446319580078125,1,0.01143646240234375,0.99609375,17,351,0.001338958740234375,1817,0.006931304931640625,1,0.03277587890625,0.982421875,21,458,0.00174713134765625,4
IDRiD,train,IDRiD_393,0,No DR,D:\retinaguard-ai\data\raw\IDRiD\disease_grading\B. Disease Grading\1. Original Images\a. Training Set\IDRiD_393.jpg,80,0.00030517578125,107,0.000408172607421875,31,0.000118255615234375,1,0.01433563232421875,0.380859375,3,21,8.0108642578125e-05,76,0.0002899169921875,1,0.0032501220703125,0.99267578125,2,58,0.00022125244140625,0,0.0,0,0.0057525634765625,0.13916015625,0,0,0.0,0,0.0,0,0.02197265625,0.317138671875,0,0,0.0,2
IDRiD,train,IDRiD_394,4,Proliferative DR,D:\retinaguard-ai\data\raw\IDRiD\disease_grading\B. Disease Grading\1. Original Images\a. Training Set\IDRiD_394.jpg,13047,0.049770355224609375,13775,0.052547454833984375,691,0.002635955810546875,1,0.0152740478515625,0.451904296875,61,33,0.000125885009765625,2571,0.009807586669921875,1,0.0124359130859375,0.9970703125,33,353,0.001346588134765625,10328,0.039398193359375,1,0.049285888671875,0.9990234375,159,1823,0.006954193115234375,185,0.000705718994140625,1,0.0273895263671875,0.97314453125,8,110,0.00041961669921875,4
IDRiD,train,IDRiD_395,0,No DR,D:\retinaguard-ai\data\raw\IDRiD\disease_grading\B. Disease Grading\1. Original Images\a. Training Set\IDRiD_395.jpg,64,0.000244140625,83,0.000316619873046875,28,0.0001068115234375,1,0.01436614990234375,0.322998046875,6,11,4.1961669921875e-05,55,0.000209808349609375,1,0.00321197509765625,0.99072265625,3,45,0.000171661376953125,0,0.0,0,0.00582122802734375,0.5283203125,0,0,0.0,0,0.0,0,0.0218963623046875,0.302734375,0,0,0.0,2
IDRiD,train,IDRiD_396,0,No DR,D:\retinaguard-ai\data\raw\IDRiD\disease_grading\B. Disease Grading\1. Original Images\a. Training Set\IDRiD_396.jpg,31,0.000118255615234375,40,0.000152587890625,12,4.57763671875e-05,1,0.0143280029296875,0.201171875,2,9,3.4332275390625e-05,22,8.392333984375e-05,1,0.003131866455078125,0.861328125,1,22,8.392333984375e-05,6,2.288818359375e-05,1,0.00572967529296875,0.9052734375,1,6,2.288818359375e-05,0,0.0,0,0.0217132568359375,0.316162109375,0,0,0.0,3
IDRiD,train,IDRiD_397,2,Moderate,D:\retinaguard-ai\data\raw\IDRiD\disease_grading\B. Disease Grading\1. Original Images\a. Training Set\IDRiD_397.jpg,2011,0.007671356201171875,2259,0.008617401123046875,266,0.00101470947265625,1,0.0150604248046875,0.351806640625,25,27,0.000102996826171875,1993,0.007602691650390625,1,0.01042938232421875,0.99609375,14,1136,0.00433349609375,0,0.0,0,0.005649566650390625,0.240478515625,0,0,0.0,0,0.0,0,0.0217742919921875,0.401611328125,0,0,0.0,2
IDRiD,train,IDRiD_398,2,Moderate,D:\retinaguard-ai\data\raw\IDRiD\disease_grading\B. Disease Grading\1. Original Images\a. Training Set\IDRiD_398.jpg,483,0.001842498779296875,562,0.00214385986328125,86,0.00032806396484375,1,0.0143280029296875,0.342041015625,6,22,8.392333984375e-05,310,0.00118255615234375,1,0.004100799560546875,0.99609375,4,181,0.000690460205078125,56,0.000213623046875,1,0.005950927734375,0.99658203125,3,26,9.918212890625e-05,110,0.00041961669921875,1,0.022430419921875,0.95849609375,1,110,0.00041961669921875,4
IDRiD,train,IDRiD_399,0,No DR,D:\retinaguard-ai\data\raw\IDRiD\disease_grading\B. Disease Grading\1. Original Images\a. Training Set\IDRiD_399.jpg,57,0.000217437744140625,70,0.00026702880859375,21,8.0108642578125e-05,1,0.0143280029296875,0.306640625,2,18,6.866455078125e-05,20,7.62939453125e-05,1,0.003093719482421875,0.927734375,1,20,7.62939453125e-05,29,0.000110626220703125,1,0.005847930908203125,0.99365234375,1,29,0.000110626220703125,0,0.0,0,0.0218963623046875,0.71435546875,0,0,0.0,3
IDRiD,train,IDRiD_400,0,No DR,D:\retinaguard-ai\data\raw\IDRiD\disease_grading\B. Disease Grading\1. Original Images\a. Training Set\IDRiD_400.jpg,344,0.001312255859375,416,0.0015869140625,47,0.000179290771484375,1,0.014404296875,0.24560546875,7,36,0.0001373291015625,4,1.52587890625e-05,1,0.003021240234375,0.5634765625,1,4,1.52587890625e-05,62,0.00023651123046875,1,0.006122589111328125,0.97021484375,4,34,0.00012969970703125,303,0.001155853271484375,1,0.02337646484375,0.97607421875,2,158,0.00060272216796875,4
IDRiD,train,IDRiD_401,2,Moderate,D:\retinaguard-ai\data\raw\IDRiD\disease_grading\B. Disease Grading\1. Original Images\a. Training Set\IDRiD_401.jpg,203,0.000774383544921875,237,0.000904083251953125,45,0.000171661376953125,1,0.01430511474609375,0.381103515625,5,16,6.103515625e-05,48,0.00018310546875,1,0.0031147003173828125,0.9736328125,3,24,9.1552734375e-05,0,0.0,0,0.00579071044921875,0.2130126953125,0,0,0.0,144,0.00054931640625,1,0.0230255126953125,0.97119140625,3,111,0.000423431396484375,3
IDRiD,train,IDRiD_402,1,Mild,D:\retinaguard-ai\data\raw\IDRiD\disease_grading\B. Disease Grading\1. Original Images\a. Training Set\IDRiD_402.jpg,31,0.000118255615234375,35,0.000133514404296875,9,3.4332275390625e-05,1,0.0141448974609375,0.2406005859375,2,6,2.288818359375e-05,8,3.0517578125e-05,1,0.0029811859130859375,0.81787109375,1,8,3.0517578125e-05,18,6.866455078125e-05,1,0.005794525146484375,0.994140625,1,18,6.866455078125e-05,0,0.0,0,0.0218658447265625,0.404296875,0,0,0.0,3
IDRiD,train,IDRiD_403,1,Mild,D:\retinaguard-ai\data\raw\IDRiD\disease_grading\B. Disease Grading\1. Original Images\a. Training Set\IDRiD_403.jpg,3,1.1444091796875e-05,3,1.1444091796875e-05,3,1.1444091796875e-05,1,0.01427459716796875,0.20068359375,1,3,1.1444091796875e-05,0,0.0,0,0.0029811859130859375,0.152587890625,0,0,0.0,0,0.0,0,0.0058135986328125,0.56396484375,0,0,0.0,0,0.0,0,0.0219879150390625,0.30810546875,0,0,0.0,1
IDRiD,train,IDRiD_404,2,Moderate,D:\retinaguard-ai\data\raw\IDRiD\disease_grading\B. Disease Grading\1. Original Images\a. Training Set\IDRiD_404.jpg,660,0.0025177001953125,737,0.002811431884765625,89,0.000339508056640625,1,0.01439666748046875,0.332763671875,14,21,8.0108642578125e-05,404,0.0015411376953125,1,0.004413604736328125,0.99560546875,6,197,0.000751495361328125,8,3.0517578125e-05,1,0.005828857421875,0.77392578125,2,5,1.9073486328125e-05,236,0.0009002685546875,1,0.02288818359375,0.98095703125,1,236,0.0009002685546875,4
IDRiD,train,IDRiD_405,2,Moderate,D:\retinaguard-ai\data\raw\IDRiD\disease_grading\B. Disease Grading\1. Original Images\a. Training Set\IDRiD_405.jpg,98,0.00037384033203125,127,0.000484466552734375,36,0.0001373291015625,1,0.0142669677734375,0.276611328125,4,22,8.392333984375e-05,89,0.000339508056640625,1,0.0032939910888671875,0.99072265625,3,77,0.000293731689453125,0,0.0,0,0.005710601806640625,0.54345703125,0,0,0.0,2,7.62939453125e-06,1,0.0219879150390625,0.79248046875,1,2,7.62939453125e-06,3
IDRiD,train,IDRiD_406,0,No DR,D:\retinaguard-ai\data\raw\IDRiD\disease_grading\B. Disease Grading\1. Original Images\a. Training Set\IDRiD_406.jpg,3,1.1444091796875e-05,3,1.1444091796875e-05,3,1.1444091796875e-05,1,0.0142669677734375,0.1973876953125,1,3,1.1444091796875e-05,0,0.0,0,0.0030670166015625,0.1199951171875,0,0,0.0,0,0.0,0,0.00567626953125,0.1378173828125,0,0,0.0,0,0.0,0,0.0216064453125,0.306640625,0,0,0.0,1
IDRiD,train,IDRiD_407,2,Moderate,D:\retinaguard-ai\data\raw\IDRiD\disease_grading\B. Disease Grading\1. Original Images\a. Training Set\IDRiD_407.jpg,653,0.002490997314453125,711,0.002712249755859375,81,0.000308990478515625,1,0.01451873779296875,0.387451171875,12,18,6.866455078125e-05,152,0.000579833984375,1,0.003551483154296875,0.99462890625,5,100,0.0003814697265625,76,0.0002899169921875,1,0.00618743896484375,0.99658203125,2,54,0.00020599365234375,402,0.00153350830078125,1,0.0239410400390625,0.97021484375,2,244,0.0009307861328125,4
IDRiD,train,IDRiD_408,1,Mild,D:\retinaguard-ai\data\raw\IDRiD\disease_grading\B. Disease Grading\1. Original Images\a. Training Set\IDRiD_408.jpg,37,0.000141143798828125,55,0.000209808349609375,25,9.5367431640625e-05,1,0.01412200927734375,0.390380859375,2,22,8.392333984375e-05,30,0.00011444091796875,1,0.003086090087890625,0.978515625,2,29,0.000110626220703125,0,0.0,0,0.005718231201171875,0.330810546875,0,0,0.0,0,0.0,0,0.0215911865234375,0.33056640625,0,0,0.0,2
IDRiD,train,IDRiD_409,2,Moderate,D:\retinaguard-ai\data\raw\IDRiD\disease_grading\B. Disease Grading\1. Original Images\a. Training Set\IDRiD_409.jpg,221,0.000843048095703125,286,0.00109100341796875,73,0.000278472900390625,1,0.014312744140625,0.35986328125,6,27,0.000102996826171875,200,0.000762939453125,1,0.003688812255859375,0.99755859375,4,112,0.00042724609375,13,4.9591064453125e-05,1,0.00580596923828125,0.837890625,2,9,3.4332275390625e-05,0,0.0,0,0.02191162109375,0.346435546875,0,0,0.0,3
IDRiD,train,IDRiD_410,2,Moderate,D:\retinaguard-ai\data\raw\IDRiD\disease_grading\B. Disease Grading\1. Original Images\a. Training Set\IDRiD_410.jpg,286,0.00109100341796875,361,0.001377105712890625,82,0.00031280517578125,1,0.01432037353515625,0.393798828125,8,20,7.62939453125e-05,262,0.00099945068359375,1,0.0039215087890625,0.99755859375,4,127,0.000484466552734375,17,6.4849853515625e-05,1,0.005809783935546875,0.9775390625,1,17,6.4849853515625e-05,0,0.0,0,0.0217742919921875,0.3740234375,0,0,0.0,3
IDRiD,train,IDRiD_411,2,Moderate,D:\retinaguard-ai\data\raw\IDRiD\disease_grading\B. Disease Grading\1. Original Images\a. Training Set\IDRiD_411.jpg,1106,0.00421905517578125,1296,0.00494384765625,206,0.00078582763671875,1,0.01470947265625,0.4443359375,27,32,0.0001220703125,483,0.001842498779296875,1,0.004718780517578125,0.99560546875,11,127,0.000484466552734375,41,0.000156402587890625,1,0.006206512451171875,0.98779296875,2,32,0.0001220703125,566,0.00215911865234375,1,0.02490234375,0.97802734375,5,242,0.00092315673828125,4
IDRiD,train,IDRiD_412,2,Moderate,D:\retinaguard-ai\data\raw\IDRiD\disease_grading\B. Disease Grading\1. Original Images\a. Training Set\IDRiD_412.jpg,231,0.000881195068359375,294,0.00112152099609375,75,0.000286102294921875,1,0.0142974853515625,0.327880859375,8,22,8.392333984375e-05,219,0.000835418701171875,1,0.003814697265625,0.99755859375,5,76,0.0002899169921875,0,0.0,0,0.005718231201171875,0.141845703125,0,0,0.0,0,0.0,0,0.0215606689453125,0.31591796875,0,0,0.0,2
IDRiD,train,IDRiD_413,2,Moderate,D:\retinaguard-ai\data\raw\IDRiD\disease_grading\B. Disease Grading\1. Original Images\a. Training Set\IDRiD_413.jpg,837,0.003192901611328125,953,0.003635406494140625,134,0.00051116943359375,1,0.0147247314453125,0.39453125,20,29,0.000110626220703125,681,0.002597808837890625,1,0.005550384521484375,0.99609375,4,621,0.002368927001953125,0,0.0,0,0.00577545166015625,0.35009765625,0,0,0.0,138,0.00052642822265625,1,0.0225830078125,0.9794921875,2,137,0.000522613525390625,3
